ID_CURSO;NOME_CURSO;GRAU;ID_ESTRUTURA;SITUACAO_ESTRUTURA;SEMESTRE_CONCLUSAO_MIN;SEMESTRE_CONCLUSAO_MEDIO;SEMESTRE_CONCLUSAO_MAX;CREDITOS_MINIMOS;CH_MINIMA;CH_OBRIGATORIA;CH_COMP_OBRIGATORIA;CH_COMP_OPT;CH_FLEX;CH_SEMESTRE_MIN;CH_SEMESTRE_MAX;PERIODO_VIGOR;ANO_VIGOR
13395;ADMINISTRAÇÃO;BACHARELADO;1511974;Inativo;8;8;16;0;2700;1440;945;315;0;60;300;1;1970
13455;ADMINISTRAÇÃO;BACHARELADO;322005;Ativo;8;8;12;200;3000;1800;780;300;120;300;540;1;2005
1440696;ADMINISTRAÇÃO;BACHARELADO;12018;Ativo;8;8;12;0;3000;2100;420;360;120;255;375;1;2019
13395;ADMINISTRAÇÃO;BACHARELADO;151974;Inativo;8;8;16;0;2700;1440;945;315;0;60;200;1;1970
13455;ADMINISTRAÇÃO;BACHARELADO;322005;Ativo;8;8;12;200;3000;1800;780;300;120;300;540;1;2005
13395;ADMINISTRAÇÃO;BACHARELADO;572007;Ativo;9;9;14;200;3000;1800;600;240;360;225;390;1;2007
13395;ADMINISTRAÇÃO;BACHARELADO;642011;Ativo;9;9;14;0;3000;1860;720;240;180;225;390;2;2011
13395;ADMINISTRAÇÃO;BACHARELADO;15011974;Inativo;8;8;16;0;2700;1440;840;420;0;60;300;1;1974
13395;ADMINISTRAÇÃO;BACHARELADO;15021974;Inativo;8;8;16;0;2700;1440;840;420;0;60;300;1;1974
13395;ADMINISTRAÇÃO;BACHARELADO;151974;Inativo;8;8;16;181;2865;1665;990;225;0;210;300;1;1977
13395;ADMINISTRAÇÃO;BACHARELADO;151974;Inativo;8;8;16;181;2880;1665;990;255;0;210;390;1;1977
13395;ADMINISTRAÇÃO;BACHARELADO;171995;Inativo;8;8;14;190;3000;2040;720;0;240;210;360;1;1995
13395;ADMINISTRAÇÃO;BACHARELADO;171995;Inativo;10;10;14;190;3000;2040;720;0;240;210;300;1;1995
13455;ADMINISTRAÇÃO;BACHARELADO;381990;Inativo;9;9;16;168;2790;1560;1230;0;0;0;7200;1;1990
13455;ADMINISTRAÇÃO;BACHARELADO;381990;Inativo;9;9;16;168;2790;1560;1230;0;0;0;8700;1;1990
13455;ADMINISTRAÇÃO;BACHARELADO;452018;Ativo;8;8;12;0;3000;1860;810;60;270;240;390;2;2018
13455;ADMINISTRAÇÃO;BACHARELADO;452018;Ativo;9;9;14;0;3000;1860;810;60;270;210;330;2;2018
13395;ADMINISTRAÇÃO;BACHARELADO;502019;Ativo;8;8;12;0;3000;1800;690;360;150;240;375;2;2019
13434;ADMINISTRAÇÃO;BACHARELADO;541995;Ativo;1;1;2;0;2880;1800;780;300;0;240;420;2;1995
13395;ADMINISTRAÇÃO;BACHARELADO;572007;Ativo;8;8;12;200;3000;1800;600;240;360;255;510;1;2007
13395;ADMINISTRAÇÃO;BACHARELADO;642011;Ativo;8;8;12;0;3000;1860;720;240;180;255;510;2;2011
13455;ADMINISTRAÇÃO;BACHARELADO;981997;Inativo;8;8;14;190;3000;1740;1080;180;0;60;480;1;1997
13455;ADMINISTRAÇÃO;BACHARELADO;981997;Inativo;10;10;14;190;3000;1740;1080;180;0;60;480;1;1997
1203263;ADMINISTRAÇÃO PÚBLICA;LICENCIATURA PLENA;04-A2013;Ativo;9;9;12;200;3000;2070;510;300;120;250;480;1;2013
1167933;AGROECOLOGIA;BACHARELADO;742010;Ativo;9;9;14;235;3525;2745;390;180;210;255;435;1;2010
1167933;AGROECOLOGIA;BACHARELADO;562019;Ativo;10;10;15;0;3915;3045;480;180;210;240;405;1;2020
80589;AGROINDÚSTRIA;BACHARELADO;352007;Ativo;8;8;12;0;3570;2385;405;240;540;120;420;2;2007
80589;AGROINDÚSTRIA;BACHARELADO;422003;Inativo;8;8;14;238;3570;2385;405;240;540;300;450;1;2003
13454;AGRONOMIA;BACHARELADO;00.161978;Ativo;2;2;3;0;3450;2175;975;300;0;100;2175;1;1978
13454;AGRONOMIA;BACHARELADO;422007;Ativo;9;9;14;0;3960;2100;1560;180;120;60;510;1;2007
13454;AGRONOMIA;BACHARELADO;01A1989;Inativo;8;8;16;273;4185;3660;210;315;0;255;1050;1;1989
13454;AGRONOMIA;BACHARELADO;161978;Inativo;7;7;14;0;3450;2175;975;300;0;60;300;1;1978
13454;AGRONOMIA;BACHARELADO;1980;Inativo;8;10;16;222;3530;2580;650;300;;210;495;1;1980
107348;ANTROPOLOGIA;BACHARELADO;572010;Ativo;9;9;14;175;2625;1530;675;300;120;195;390;1;2010
107348;ANTROPOLOGIA;BACHARELADO;572010;Ativo;9;9;14;175;2625;1530;675;300;120;195;390;1;2010
107348;ANTROPOLOGIA;BACHARELADO;2006;Inativo;9;11;14;175;2625;1230;975;420;;285;435;1;2006
107348;ANTROPOLOGIA;BACHARELADO;572010;Ativo;9;9;14;175;2625;1530;675;300;120;195;390;1;2010
13427;ARQUITETURA E URBANISMO;BACHARELADO;162000;Ativo;10;10;17;270;3930;3600;60;0;390;120;510;1;2000
13427;ARQUITETURA E URBANISMO;BACHARELADO;321989;Inativo;8;8;13;260;3900;2340;1065;495;0;300;495;1;1989
13427;ARQUITETURA E URBANISMO;BACHARELADO;472012;Ativo;10;10;15;243;3645;3405;60;90;90;240;480;1;2012
113621;ARQUIVOLOGIA;BACHARELADO;422008;Ativo;10;10;15;184;2760;1440;960;240;120;180;360;1;2008
107438;ARTES VISUAIS;BACHARELADO;482006;Ativo;8;8;12;187;2805;1590;795;375;45;270;420;1;2006
107440;ARTES VISUAIS;BACHARELADO;482006;Ativo;8;8;12;187;2805;1590;795;375;45;270;420;1;2006
107438;ARTES VISUAIS;BACHARELADO;48/012006;Ativo;8;8;12;0;2865;1590;855;375;45;270;420;1;2017
107440;ARTES VISUAIS;BACHARELADO;48/012006;Ativo;8;8;12;0;2865;1590;855;375;45;270;420;1;2017
107438;ARTES VISUAIS;BACHARELADO;482006;Ativo;8;8;12;183;2745;1575;645;435;90;285;435;1;2006
107440;ARTES VISUAIS;BACHARELADO;482006;Ativo;8;8;12;183;2745;1575;645;435;90;285;435;1;2006
13396;BIBLIOTECONOMIA;BACHARELADO;22008;Ativo;10;10;15;184;2760;1560;840;240;120;180;360;1;2008
13396;BIBLIOTECONOMIA;BACHARELADO;22008;Inativo;8;8;12;184;2760;1560;840;240;120;240;420;1;2008
13396;BIBLIOTECONOMIA;BACHARELADO;151980;Inativo;6;6;12;0;2430;1425;780;225;0;195;435;1;1980
13396;BIBLIOTECONOMIA;BACHARELADO;161974;Inativo;5;5;12;0;2125;1305;645;175;0;60;300;1;1974
13396;BIBLIOTECONOMIA;BACHARELADO;1983;Inativo;10;12;14;175;2760;1605;930;225;;180;300;1;1983
13396;BIBLIOTECONOMIA;BACHARELADO;751983;Ativo;10;10;14;175;2760;1605;930;225;0;150;420;1;1992
13396;BIBLIOTECONOMIA;BACHARELADO;751983;Inativo;8;8;14;175;270;1605;945;225;0;210;360;1;1983
1399139;BIOMEDICINA;BACHARELADO;92017;Ativo;9;9;14;0;3585;2250;930;285;120;255;405;1;2017
1189062;BIOTECNOLOGIA;BACHARELADO;95012011;Ativo;8;8;12;0;3330;2670;510;90;60;375;450;2;2015
1189062;BIOTECNOLOGIA;BACHARELADO;952011;Ativo;8;8;12;218;3270;2670;450;90;60;375;450;1;2011
13401;CIÊNCIA DA COMPUTAÇÃO;BACHARELADO;1.112.023;Ativo;8;8;12;0;3270;2520;300;300;150;270;420;1;2023
98984;CIÊNCIA DA COMPUTAÇÃO;BACHARELADO;692006;Ativo;9;9;14;201;3015;2280;465;210;60;225;420;1;2006
13401;CIÊNCIA DA COMPUTAÇÃO;BACHARELADO;162006;Ativo;8;8;12;218;3270;2460;390;240;180;285;525;1;2006
98984;CIÊNCIA DA COMPUTAÇÃO;BACHARELADO;2006;Inativo;11;14;17;201;3015;2280;735;270;;180;360;1;2006
13401;CIÊNCIA DA COMPUTAÇÃO;BACHARELADO;451985;Inativo;7;7;14;187;2895;2385;180;360;0;210;420;1;1985
98984;CIÊNCIA DA COMPUTAÇÃO;BACHARELADO;692006;Ativo;9;9;14;0;3015;2280;525;150;60;225;420;1;2012
1503759;CIÊNCIA DE DADOS E INTELIGÊNCIA ARTIFICIAL;BACHARELADO;12020;Ativo;8;8;12;0;3000;2280;210;360;150;240;420;1;2020
1564470;CIÊNCIA DE DADOS PARA NEGÓCIOS;BACHARELADO;372020;Ativo;8;8;12;0;2850;2040;360;300;150;240;480;2;2021
27275;CIENCIAS;BACHARELADO;122/011981;Inativo;4;4;8;126;1980;1215;525;240;0;240;480;1;1981
33772;CIENCIAS;BACHARELADO;122/011981;Inativo;4;4;8;126;1980;1215;525;240;0;240;480;1;1981
34805;CIENCIAS;BACHARELADO;122/011981;Inativo;4;4;8;126;1980;1215;525;240;0;240;480;1;1981
27275;CIENCIAS;BACHARELADO;122/021981;Inativo;6;6;14;214;3360;1980;900;480;0;240;465;1;1981
33772;CIENCIAS;BACHARELADO;122/021981;Inativo;6;6;14;214;3360;1980;900;480;0;240;465;1;1981
34805;CIENCIAS;BACHARELADO;122/021981;Inativo;6;6;14;214;3360;1980;900;480;0;240;465;1;1981
27275;CIENCIAS;BACHARELADO;122/031981;Inativo;6;6;14;204;3210;1950;900;360;0;225;510;1;1981
33772;CIENCIAS;BACHARELADO;122/031981;Inativo;6;6;14;204;3210;1950;900;360;0;225;510;1;1981
34805;CIENCIAS;BACHARELADO;122/031981;Inativo;6;6;14;204;3210;1950;900;360;0;225;510;1;1981
27275;CIENCIAS;BACHARELADO;122/041981;Inativo;6;6;14;208;3270;2190;900;180;0;225;525;1;1981
33772;CIENCIAS;BACHARELADO;122/041981;Inativo;6;6;14;208;3270;2190;900;180;0;225;525;1;1981
34805;CIENCIAS;BACHARELADO;122/041981;Inativo;6;6;14;208;3270;2190;900;180;0;225;525;1;1981
27275;CIENCIAS;BACHARELADO;122\051981;Inativo;6;6;14;208;3270;2190;900;180;0;225;525;1;1981
33772;CIENCIAS;BACHARELADO;122\051981;Inativo;6;6;14;208;3270;2190;900;180;0;225;525;1;1981
34805;CIENCIAS;BACHARELADO;122\051981;Inativo;6;6;14;208;3270;2190;900;180;0;225;525;1;1981
27275;CIENCIAS;BACHARELADO;1221981;Ativo;4;4;8;126;1980;1215;525;240;0;240;480;1;1981
27275;CIENCIAS;BACHARELADO;1221981;Inativo;8;8;14;208;3225;1980;945;300;0;225;525;1;1981
33772;CIENCIAS;BACHARELADO;1221981;Ativo;4;4;8;126;1980;1215;525;240;0;240;480;1;1981
33772;CIENCIAS;BACHARELADO;1221981;Inativo;8;8;14;208;3225;1980;945;300;0;225;525;1;1981
34805;CIENCIAS;BACHARELADO;1221981;Ativo;4;4;8;126;1980;1215;525;240;0;240;480;1;1981
34805;CIENCIAS;BACHARELADO;1221981;Inativo;8;8;14;208;3225;1980;945;300;0;225;525;1;1981
27275;CIENCIAS;BACHARELADO;1981;Inativo;6;8;14;204;3210;1950;900;360;;225;510;1;1981
33772;CIENCIAS;BACHARELADO;1981;Inativo;6;8;14;204;3210;1950;900;360;;225;510;1;1981
34805;CIENCIAS;BACHARELADO;1981;Inativo;6;8;14;204;3210;1950;900;360;;225;510;1;1981
13457;CIÊNCIAS AGRÁRIAS;BACHARELADO;382012;Ativo;8;8;12;205;3075;1590;930;345;210;255;495;1;2012
13457;CIÊNCIAS AGRÁRIAS;BACHARELADO;412003;Inativo;6;6;10;198;2970;1590;840;345;195;300;495;1;2003
13457;CIÊNCIAS AGRÁRIAS;BACHARELADO;1989;Inativo;6;8;10;171;2700;2070;420;210;;270;540;1;1989
113701;CIÊNCIAS AGRÁRIAS -EAD;LICENCIATURA PLENA;342008;Inativo;9;9;13;0;2970;1590;840;345;195;330;555;1;2008
113701;CIÊNCIAS AGRÁRIAS -EAD;LICENCIATURA PLENA;342008;Ativo;9;9;13;202;3030;1590;900;345;195;330;555;1;2008
1127039;CIÊNCIAS ATUARIAIS;BACHARELADO;632010;Ativo;10;10;15;200;3000;1980;780;120;120;195;360;1;2010
1127039;CIÊNCIAS ATUARIAIS;BACHARELADO;632010;Ativo;8;8;12;200;3000;1980;780;120;120;255;420;1;2010
397767;CIÊNCIAS BIOLÓGICAS;BACHARELADO;252005;Ativo;8;8;12;0;3210;2280;360;360;210;240;450;1;2017
397767;CIÊNCIAS BIOLÓGICAS;BACHARELADO;252005;Ativo;8;8;12;209;3180;2295;480;195;210;240;450;1;2005
97767;CIÊNCIAS BIOLÓGICAS;BACHARELADO;252005;Ativo;8;8;12;0;3210;2280;360;360;210;240;450;1;2017
97767;CIÊNCIAS BIOLÓGICAS;BACHARELADO;252005;Ativo;8;8;12;209;3180;2295;480;195;210;240;450;1;2005
13399;CIÊNCIAS BIOLÓGICAS;BACHARELADO;652006;Ativo;10;10;15;0;3300;2535;585;120;60;240;360;2;2011
397767;CIÊNCIAS BIOLÓGICAS;BACHARELADO;252005;Ativo;8;8;12;212;3135;2280;315;330;210;240;450;1;2005
97767;CIÊNCIAS BIOLÓGICAS;BACHARELADO;252005;Ativo;8;8;12;212;3135;2280;315;330;210;240;450;1;2005
13399;CIÊNCIAS BIOLÓGICAS;BACHARELADO;652006;Ativo;8;8;12;0;3300;2535;585;120;60;360;480;2;2011
13399;CIÊNCIAS BIOLÓGICAS;BACHARELADO;652006;Ativo;10;10;15;220;3300;2535;585;120;60;240;360;1;2006
313399;CIÊNCIAS BIOLÓGICAS;BACHARELADO;652006;Ativo;8;8;12;0;3120;2085;375;540;120;360;480;1;2011
13399;CIÊNCIAS BIOLÓGICAS;BACHARELADO;1987;Inativo;10;13;15;184;2910;2475;0;435;;240;420;1;1987
313399;CIÊNCIAS BIOLÓGICAS;BACHARELADO;2006;Inativo;8;10;12;208;3120;2085;375;540;120;360;480;1;2006
13399;CIÊNCIAS BIOLÓGICAS;BACHARELADO;232019;Ativo;8;8;12;0;3540;2535;615;180;210;270;480;2;2019
397767;CIÊNCIAS BIOLÓGICAS;BACHARELADO;25;Inativo;8;10;12;215;3225;2295;525;195;210;240;450;1;25
97767;CIÊNCIAS BIOLÓGICAS;BACHARELADO;25;Inativo;8;10;12;215;3225;2295;525;195;210;240;450;1;25
397767;CIÊNCIAS BIOLÓGICAS;BACHARELADO;25/012005;Ativo;8;8;12;0;3225;2295;525;195;210;240;450;2;2014
97767;CIÊNCIAS BIOLÓGICAS;BACHARELADO;25/012005;Ativo;8;8;12;0;3225;2295;525;195;210;240;450;2;2014
397767;CIÊNCIAS BIOLÓGICAS;BACHARELADO;252005;Ativo;8;8;12;0;3180;2280;360;330;210;240;450;2;2014
97767;CIÊNCIAS BIOLÓGICAS;BACHARELADO;252005;Ativo;8;8;12;0;3180;2280;360;330;210;240;450;2;2014
313399;CIÊNCIAS BIOLÓGICAS;BACHARELADO;46/011987;Inativo;6;6;12;182;2910;1935;540;435;0;240;495;1;1987
13399;CIÊNCIAS BIOLÓGICAS;BACHARELADO;46/021987;Inativo;10;10;15;194;2880;2295;240;345;0;240;480;1;1987
13399;CIÊNCIAS BIOLÓGICAS;BACHARELADO;461987;Inativo;6;6;12;190;2880;2295;240;345;0;240;495;1;1987
313399;CIÊNCIAS BIOLÓGICAS;BACHARELADO;461987;Inativo;6;6;12;182;2880;1905;540;435;0;240;495;1;1987
313399;CIÊNCIAS BIOLÓGICAS;BACHARELADO;65/012006;Inativo;8;8;12;0;3120;2085;375;540;120;360;480;1;2015
313399;CIÊNCIAS BIOLÓGICAS;BACHARELADO;65/022006;Ativo;8;8;12;0;3120;2085;375;540;120;360;480;1;2015
13399;CIÊNCIAS BIOLÓGICAS;BACHARELADO;652006;Ativo;8;8;12;220;3300;2535;585;120;60;360;480;1;2006
313399;CIÊNCIAS BIOLÓGICAS;BACHARELADO;652006;Ativo;8;8;12;208;3120;2085;375;540;120;360;480;1;2006
113699;CIÊNCIAS BIOLÓGICAS - EAD;LICENCIATURA PLENA;332012;Ativo;8;8;12;220;3300;2415;555;120;210;330;540;1;2012
113699;CIÊNCIAS BIOLÓGICAS - EAD;LICENCIATURA PLENA;362008;Inativo;8;8;12;220;3150;2625;555;120;60;330;540;1;2008
98976;CIÊNCIAS CONTÁBEIS;BACHARELADO;312006;Inativo;10;10;15;200;2700;1500;840;240;120;195;360;1;2006
13397;CIÊNCIAS CONTÁBEIS;BACHARELADO;462006;Ativo;10;10;15;192;2880;1920;660;240;60;240;360;1;2006
13397;CIÊNCIAS CONTÁBEIS;BACHARELADO;91994;Inativo;8;8;14;188;2820;2100;480;0;240;210;450;1;1994
13397;CIÊNCIAS CONTÁBEIS;BACHARELADO;91994;Inativo;10;10;14;188;2820;2100;480;0;240;210;390;1;1994
13397;CIÊNCIAS CONTÁBEIS;BACHARELADO;171974;Inativo;7;7;16;180;2670;1875;465;345;0;60;390;1;1974
13397;CIÊNCIAS CONTÁBEIS;BACHARELADO;171974;Inativo;10;10;16;180;2670;1875;465;345;0;60;330;1;1974
98976;CIÊNCIAS CONTÁBEIS;BACHARELADO;2006;Inativo;8;10;12;184;2760;1500;900;360;;270;420;1;2006
13397;CIÊNCIAS CONTÁBEIS;BACHARELADO;372016;Ativo;8;8;12;0;3060;1740;840;240;240;180;480;1;2016
13397;CIÊNCIAS CONTÁBEIS;BACHARELADO;462006;Ativo;8;8;12;192;2880;1920;660;240;60;270;420;1;2006
98976;CIÊNCIAS CONTÁBEIS;BACHARELADO;662010;Ativo;10;10;15;0;3000;1500;960;240;300;180;300;1;2011
1162838;CIÊNCIAS DAS RELIGIÕES;BACHARELADO;382008;Ativo;8;8;12;0;2880;1905;750;180;45;240;420;2;2011
116826;CIÊNCIAS DAS RELIGIÕES;BACHARELADO;382008;Ativo;8;8;12;0;2880;1905;750;180;45;240;420;2;2011
1162838;CIÊNCIAS DAS RELIGIÕES;BACHARELADO;382008;Ativo;8;8;12;0;2880;1905;750;180;45;240;420;2;2011
1162838;CIÊNCIAS DAS RELIGIÕES;BACHARELADO;382008;Ativo;8;8;12;192;2880;1905;750;180;105;240;420;1;2008
116826;CIÊNCIAS DAS RELIGIÕES;BACHARELADO;382008;Ativo;8;8;12;0;2880;1905;750;180;45;240;420;2;2011
116826;CIÊNCIAS DAS RELIGIÕES;BACHARELADO;382008;Ativo;8;8;12;192;2880;1905;750;180;105;240;420;1;2008
1162838;CIÊNCIAS DAS RELIGIÕES;BACHARELADO;382008;Inativo;8;8;12;192;2880;1905;750;180;105;240;420;1;2008
116826;CIÊNCIAS DAS RELIGIÕES;BACHARELADO;382008;Inativo;8;8;12;192;2880;1905;750;180;105;240;420;1;2008
1162838;CIÊNCIAS DAS RELIGIÕES;BACHARELADO;522021;Ativo;8;8;12;0;2445;1980;285;135;45;210;300;2;2021
116826;CIÊNCIAS DAS RELIGIÕES;BACHARELADO;522021;Ativo;8;8;12;0;2445;1980;285;135;45;210;300;2;2021
1162838;CIÊNCIAS DAS RELIGIÕES;BACHARELADO;672011;Ativo;8;8;12;163;2445;1980;285;135;45;210;345;1;2011
116826;CIÊNCIAS DAS RELIGIÕES;BACHARELADO;672011;Ativo;8;8;12;163;2445;1980;285;135;45;210;345;1;2011
13394;CIÊNCIAS ECONÔMICAS;BACHARELADO;622008;Ativo;10;10;15;200;3000;1920;540;420;120;210;480;1;2008
13394;CIÊNCIAS ECONÔMICAS;BACHARELADO;71987;Inativo;8;8;14;187;2805;1995;570;240;0;210;375;1;1987
13394;CIÊNCIAS ECONÔMICAS;BACHARELADO;1974;Inativo;7;10;16;180;2700;1650;510;540;;210;390;1;1974
13394;CIÊNCIAS ECONÔMICAS;BACHARELADO;622008;Ativo;8;8;12;200;3000;1920;540;420;120;255;570;1;2008
13394;CIÊNCIAS ECONÔMICAS;BACHARELADO;711987;Inativo;10;10;14;187;2805;1995;570;240;0;210;300;1;1987
113705;CIÊNCIAS NATURAIS;LICENCIATURA PLENA;402008;Ativo;8;8;12;202;3030;1785;885;120;240;255;495;1;2008
1110230;CIÊNCIAS SOCIAIS;BACHARELADO;182006;Ativo;8;8;12;188;2820;1500;540;660;120;165;480;1;2006
13459;CIÊNCIAS SOCIAIS;BACHARELADO;182006;Ativo;8;8;12;188;2820;1500;540;660;120;165;480;1;2006
1110230;CIÊNCIAS SOCIAIS;BACHARELADO;1993;Inativo;8;10;14;184;2760;1500;960;300;;210;360;1;1993
13459;CIÊNCIAS SOCIAIS;BACHARELADO;1993;Inativo;8;10;14;184;2760;1500;960;300;;210;360;1;1993
1110230;CIÊNCIAS SOCIAIS;BACHARELADO;1998;Inativo;8;10;14;182;2730;1500;930;300;;210;360;1;1998
13459;CIÊNCIAS SOCIAIS;BACHARELADO;1998;Inativo;8;10;14;182;2730;1500;930;300;;210;360;1;1998
1110230;CIÊNCIAS SOCIAIS;BACHARELADO;2000;Inativo;8;10;14;155;2325;1155;345;825;0;60;570;1;2000
13459;CIÊNCIAS SOCIAIS;BACHARELADO;2000;Inativo;8;10;14;155;2325;1155;345;825;0;60;570;1;2000
1110230;CIÊNCIAS SOCIAIS;BACHARELADO;301993;Inativo;8;8;14;184;2760;1500;960;300;0;210;360;1;1993
13459;CIÊNCIAS SOCIAIS;BACHARELADO;301993;Inativo;8;8;14;184;2760;1500;960;300;0;210;360;1;1993
1110230;CIÊNCIAS SOCIAIS;BACHARELADO;452007;Ativo;9;9;14;187;2805;1605;540;540;120;135;375;2;2007
13459;CIÊNCIAS SOCIAIS;BACHARELADO;452007;Ativo;9;9;14;187;2805;1605;540;540;120;135;375;2;2007
1166771;CINEMA E AUDIOVISUAL;BACHARELADO;102015;Ativo;8;8;12;0;2700;1680;675;240;105;225;435;1;2015
1166771;CINEMA E AUDIOVISUAL;BACHARELADO;752011;Inativo;8;8;12;180;2700;1680;630;240;150;225;495;1;2011
1203266;COMPUTAÇÃO;LICENCIATURA PLENA;662012;Ativo;8;8;12;193;2895;1965;540;180;210;240;450;1;2013
1125641;COMUNICAÇÃO EM MÍDIAS DIGITAIS;BACHARELADO;392009;Ativo;8;8;12;224;3360;1800;1020;420;120;285;570;1;2009
22457;COMUNICAÇÃO SOCIAL;BACHARELADO;161985;Ativo;8;8;14;176;2775;2205;30;540;0;195;360;1;1985
22457;COMUNICAÇÃO SOCIAL;BACHARELADO;161985;Inativo;8;8;14;180;2700;2220;30;450;0;195;570;1;1985
28408;COMUNICAÇÃO SOCIAL;BACHARELADO;161985;Ativo;8;8;14;176;2775;2205;30;540;0;195;360;1;1985
28408;COMUNICAÇÃO SOCIAL;BACHARELADO;161985;Inativo;8;8;14;180;2700;2220;30;450;0;195;570;1;1985
30652;COMUNICAÇÃO SOCIAL;BACHARELADO;161985;Ativo;8;8;14;176;2775;2205;30;540;0;195;360;1;1985
30652;COMUNICAÇÃO SOCIAL;BACHARELADO;161985;Inativo;8;8;14;180;2700;2220;30;450;0;195;570;1;1985
22457;COMUNICAÇÃO SOCIAL;BACHARELADO;111998;Ativo;8;8;14;184;2760;2220;60;480;0;195;510;1;1998
28408;COMUNICAÇÃO SOCIAL;BACHARELADO;111998;Ativo;8;8;14;184;2760;2220;60;480;0;195;510;1;1998
30652;COMUNICAÇÃO SOCIAL;BACHARELADO;111998;Ativo;8;8;14;184;2760;2220;60;480;0;195;510;1;1998
22457;COMUNICAÇÃO SOCIAL;BACHARELADO;16011985;Inativo;8;8;14;0;2760;2160;150;450;0;60;240;2;1985
28408;COMUNICAÇÃO SOCIAL;BACHARELADO;16011985;Inativo;8;8;14;0;2760;2160;150;450;0;60;240;2;1985
30652;COMUNICAÇÃO SOCIAL;BACHARELADO;16011985;Inativo;8;8;14;0;2760;2160;150;450;0;60;240;2;1985
22457;COMUNICAÇÃO SOCIAL;BACHARELADO;161985;Inativo;8;8;14;180;2670;2160;60;450;0;195;420;1;1985
28408;COMUNICAÇÃO SOCIAL;BACHARELADO;161985;Inativo;8;8;14;180;2670;2160;60;450;0;195;420;1;1985
30652;COMUNICAÇÃO SOCIAL;BACHARELADO;161985;Inativo;8;8;14;180;2670;2160;60;450;0;195;420;1;1985
22457;COMUNICAÇÃO SOCIAL;BACHARELADO;1978;Inativo;8;10;14;159;2385;1845;345;195;;195;420;1;1978
28408;COMUNICAÇÃO SOCIAL;BACHARELADO;1978;Inativo;8;10;14;159;2385;1845;345;195;;195;420;1;1978
30652;COMUNICAÇÃO SOCIAL;BACHARELADO;1978;Inativo;8;10;14;159;2385;1845;345;195;;195;420;1;1978
22457;COMUNICAÇÃO SOCIAL;BACHARELADO;1985;Inativo;8;10;14;176;2775;2205;30;540;;195;360;1;1985
28408;COMUNICAÇÃO SOCIAL;BACHARELADO;1985;Inativo;8;10;14;176;2775;2205;30;540;;195;360;1;1985
30652;COMUNICAÇÃO SOCIAL;BACHARELADO;1985;Inativo;8;10;14;176;2775;2205;30;540;;195;360;1;1985
1191007;DANÇA;BACHARELADO;622012;Ativo;8;8;12;195;2925;2055;420;240;210;240;450;1;2013
1191007;DANÇA;BACHARELADO;372018;Ativo;8;8;12;0;3210;2055;540;240;375;255;390;2;2018
107352;DESIGN;BACHARELADO;312009;Ativo;8;8;12;188;2820;1710;735;210;165;300;450;1;2009
107352;DESIGN;BACHARELADO;2006;Inativo;8;10;12;181;2715;1410;1005;300;;300;450;1;2006
13433;DIREITO;BACHARELADO;1.051.982;Ativo;8;8;14;0;3120;2490;375;255;0;100;420;1;1971
13398;DIREITO;BACHARELADO;1.281.980;Ativo;8;8;14;0;3135;2160;720;255;0;225;390;2;1980
1110415;DIREITO;BACHARELADO;492008;Inativo;10;10;15;0;4245;2625;1140;180;300;60;615;1;2008
13398;DIREITO;BACHARELADO;492008;Ativo;10;10;15;0;4245;2625;1140;180;300;60;615;1;2008
13398;DIREITO;BACHARELADO;561997;Inativo;10;10;16;0;3870;2900;300;670;0;900;16800;1;1997
13398;DIREITO;BACHARELADO;131990;Inativo;10;10;16;0;3636;2688;948;0;0;0;12510;1;1990
13398;DIREITO;BACHARELADO;131990;Inativo;10;10;16;0;3696;2688;1008;0;0;0;510;1;1990
13398;DIREITO;BACHARELADO;1980;Inativo;10;10;16;204;3060;2145;660;255;;225;390;1;1980
13398;DIREITO;BACHARELADO;281980;Inativo;8;8;14;209;3135;2310;720;255;0;225;390;1;1980
1110415;DIREITO;BACHARELADO;49/012008;Ativo;10;10;15;0;3705;2565;660;180;300;60;615;1;2019
1110415;DIREITO;BACHARELADO;49/022008;Ativo;10;10;15;0;3705;2565;660;180;300;60;615;1;2019
1110415;DIREITO;BACHARELADO;492008;Inativo;10;10;15;0;4245;2625;1140;180;300;60;615;1;2008
13398;DIREITO;BACHARELADO;561997;Inativo;10;10;16;0;3870;2900;300;670;0;60;880;1;1997
13398;DIREITO;BACHARELADO;561997;Inativo;10;10;16;0;3870;2900;300;670;0;900;16800;1;1997
98980;ECOLOGIA;BACHARELADO;152010;Ativo;8;8;12;0;2820;1500;975;210;135;240;390;2;2010
98980;ECOLOGIA;BACHARELADO;432006;Ativo;8;8;12;188;2820;1500;975;210;135;240;390;1;2006
13414;EDUCAÇÃO ARTÍSTICA;BACHARELADO;05/011983;Inativo;6;6;14;164;2550;1665;555;330;0;180;435;1;1983
23899;EDUCAÇÃO ARTÍSTICA;BACHARELADO;05/011983;Inativo;6;6;14;164;2550;1665;555;330;0;180;435;1;1983
28409;EDUCAÇÃO ARTÍSTICA;BACHARELADO;05/011983;Inativo;6;6;14;164;2550;1665;555;330;0;180;435;1;1983
28410;EDUCAÇÃO ARTÍSTICA;BACHARELADO;05/011983;Inativo;6;6;14;164;2550;1665;555;330;0;180;435;1;1983
13414;EDUCAÇÃO ARTÍSTICA;BACHARELADO;51983;Inativo;6;6;14;164;2550;1665;555;330;0;180;435;1;1983
23899;EDUCAÇÃO ARTÍSTICA;BACHARELADO;51983;Inativo;6;6;14;164;2550;1665;555;330;0;180;435;1;1983
28409;EDUCAÇÃO ARTÍSTICA;BACHARELADO;51983;Inativo;6;6;14;164;2550;1665;555;330;0;180;435;1;1983
28410;EDUCAÇÃO ARTÍSTICA;BACHARELADO;51983;Inativo;6;6;14;164;2550;1665;555;330;0;180;435;1;1983
13414;EDUCAÇÃO ARTÍSTICA;BACHARELADO;1983;Inativo;6;8;14;115;1725;840;555;330;;180;435;1;1983
13414;EDUCAÇÃO ARTÍSTICA;BACHARELADO;1983;Inativo;6;8;14;164;1725;840;555;330;;180;435;1;1983
23899;EDUCAÇÃO ARTÍSTICA;BACHARELADO;1983;Inativo;6;8;14;115;1725;840;555;330;;180;435;1;1983
23899;EDUCAÇÃO ARTÍSTICA;BACHARELADO;1983;Inativo;6;8;14;164;1725;840;555;330;;180;435;1;1983
28409;EDUCAÇÃO ARTÍSTICA;BACHARELADO;1983;Inativo;6;8;14;115;1725;840;555;330;;180;435;1;1983
28409;EDUCAÇÃO ARTÍSTICA;BACHARELADO;1983;Inativo;6;8;14;164;1725;840;555;330;;180;435;1;1983
28410;EDUCAÇÃO ARTÍSTICA;BACHARELADO;1983;Inativo;6;8;14;115;1725;840;555;330;;180;435;1;1983
28410;EDUCAÇÃO ARTÍSTICA;BACHARELADO;1983;Inativo;6;8;14;164;1725;840;555;330;;180;435;1;1983
122288;EDUCAÇÃO FÍSICA;BACHARELADO;2007;Inativo;8;10;12;217;3255;2535;255;255;210;300;585;1;2007
122288;EDUCAÇÃO FÍSICA;BACHARELADO;632007;Ativo;8;8;12;217;3255;2535;255;255;210;300;585;1;2008
13423;EDUCAÇÃO FÍSICA - LICENCIATURA;BACHARELADO;632007;Ativo;8;8;12;209;3135;2430;255;240;210;300;585;1;2008
13423;EDUCAÇÃO FÍSICA - LICENCIATURA;BACHARELADO;09/011990;Inativo;8;8;14;0;3090;2505;375;210;0;60;390;1;1990
13423;EDUCAÇÃO FÍSICA - LICENCIATURA;BACHARELADO;09/021990;Inativo;8;8;14;0;3090;2505;345;240;0;60;390;1;1990
13423;EDUCAÇÃO FÍSICA - LICENCIATURA;BACHARELADO;set/90;Ativo;8;8;14;0;3090;2505;330;255;0;60;390;1;1990
13423;EDUCAÇÃO FÍSICA - LICENCIATURA;BACHARELADO;43/011982;Ativo;6;6;10;0;2430;1335;900;195;0;15;255;1;1982
13423;EDUCAÇÃO FÍSICA - LICENCIATURA;BACHARELADO;431982;Inativo;6;6;10;0;2430;1335;900;195;0;15;15;1;1982
13423;EDUCAÇÃO FÍSICA - LICENCIATURA;BACHARELADO;632007;Ativo;8;8;12;0;3135;2430;315;240;150;300;585;2;2010
44257;ENFERMAGEM;BACHARELADO;31996;Inativo;9;9;12;268;4020;2580;1140;300;0;270;540;1;1996
44257;ENFERMAGEM;BACHARELADO;31996;Inativo;9;9;12;293;4485;2985;1200;300;0;90;600;1;1996
44258;ENFERMAGEM;BACHARELADO;31996;Inativo;9;9;12;268;4020;2580;1140;300;0;270;540;1;1996
44258;ENFERMAGEM;BACHARELADO;31996;Inativo;9;9;12;293;4485;2985;1200;300;0;90;600;1;1996
44257;ENFERMAGEM;BACHARELADO;1980;Inativo;7;9;10;165;2895;1905;705;285;;285;465;1;1980
44257;ENFERMAGEM;BACHARELADO;1980;Inativo;8;10;12;192;3405;2310;810;285;;285;450;1;1980
44258;ENFERMAGEM;BACHARELADO;1980;Inativo;7;9;10;165;2895;1905;705;285;;285;465;1;1980
44258;ENFERMAGEM;BACHARELADO;1980;Inativo;8;10;12;192;3405;2310;810;285;;285;450;1;1980
44257;ENFERMAGEM;BACHARELADO;51/012007;Ativo;10;10;15;0;4890;4215;255;300;120;330;510;1;2016
44258;ENFERMAGEM;BACHARELADO;51/012007;Ativo;10;10;15;0;4890;4215;255;300;120;330;510;1;2016
44257;ENFERMAGEM;BACHARELADO;512007;Ativo;10;10;15;326;4890;4215;255;300;120;330;510;1;2007
44258;ENFERMAGEM;BACHARELADO;512007;Ativo;10;10;15;326;4890;4215;255;300;120;330;510;1;2007
44257;ENFERMAGEM;BACHARELADO;541980;Inativo;7;7;10;0;3285;1905;1095;285;0;60;300;1;1981
44258;ENFERMAGEM;BACHARELADO;541980;Inativo;7;7;10;0;3285;1905;1095;285;0;60;300;1;1981
113615;ENGENHARIA AMBIENTAL;BACHARELADO;292008;Ativo;9;9;14;0;3990;2625;990;255;120;285;510;2;2013
113615;ENGENHARIA AMBIENTAL;BACHARELADO;292008;Ativo;9;9;14;263;3945;2580;990;255;120;285;510;1;2008
13439;ENGENHARIA CIVIL;BACHARELADO;1.391.996;Ativo;1;1;2;0;3900;3345;135;420;0;270;420;2;1976
13429;ENGENHARIA CIVIL;BACHARELADO;152006;Ativo;9;9;14;268;4020;2565;1110;300;45;285;705;1;2006
13429;ENGENHARIA CIVIL;BACHARELADO;1974;Inativo;8;10;18;0;3720;2655;690;375;;225;510;1;1974
13429;ENGENHARIA CIVIL;BACHARELADO;311977;Inativo;9;9;18;258;3915;2970;645;300;0;225;555;1;1977
13439;ENGENHARIA CIVIL;BACHARELADO;391996;Ativo;1;1;2;0;3900;3345;135;420;0;270;420;1;1996
13439;ENGENHARIA CIVIL;BACHARELADO;391996;Ativo;1;1;2;0;3900;3345;135;420;0;270;420;2;1990
1127164;ENGENHARIA DA COMPUTAÇÃO;BACHARELADO;752010;Inativo;10;10;15;0;3960;3090;390;240;240;270;510;1;2014
1127164;ENGENHARIA DA COMPUTAÇÃO;BACHARELADO;492016;Ativo;10;10;15;0;3735;3105;210;240;180;240;480;2;2016
1127164;ENGENHARIA DA COMPUTAÇÃO;BACHARELADO;75012010;Inativo;10;10;15;0;3915;3045;390;240;240;270;510;1;2010
1127164;ENGENHARIA DA COMPUTAÇÃO;BACHARELADO;752010;Inativo;10;10;15;261;3915;3045;390;240;240;270;510;1;2010
13428;ENGENHARIA DE ALIMENTOS;BACHARELADO;311981;Inativo;8;8;18;281;4185;3045;795;345;0;240;525;1;1981
13428;ENGENHARIA DE ALIMENTOS;BACHARELADO;442009;Ativo;10;10;15;264;3960;2220;1440;240;60;270;525;1;2009
1189063;ENGENHARIA DE ENERGIAS RENOVÁVEIS;BACHARELADO;962011;Ativo;10;10;15;257;3855;2055;1530;180;90;270;495;1;2011
113617;ENGENHARIA DE MATERIAIS;BACHARELADO;252008;Ativo;8;8;12;241;3615;2175;1260;120;60;315;510;1;2008
113617;ENGENHARIA DE MATERIAIS;BACHARELADO;202021;Ativo;10;10;15;0;4230;3150;720;180;180;285;450;1;2021
113617;ENGENHARIA DE MATERIAIS;BACHARELADO;25/012008;Ativo;8;8;12;0;3660;2220;1260;120;60;315;510;2;2013
113617;ENGENHARIA DE MATERIAIS;BACHARELADO;25/022008;Ativo;8;8;12;0;3615;2175;1260;120;60;315;510;1;2008
113617;ENGENHARIA DE MATERIAIS;BACHARELADO;252008;Ativo;8;8;12;0;3660;2220;1260;120;60;315;510;2;2013
122934;ENGENHARIA DE PRODUÇÃO;BACHARELADO;402009;Ativo;10;10;15;0;3750;2115;1485;150;45;255;435;2;2014
122934;ENGENHARIA DE PRODUÇÃO;BACHARELADO;2008;Inativo;10;13;15;1;3750;1;1;1;;255;435;1;2008
122934;ENGENHARIA DE PRODUÇÃO;BACHARELADO;402009;Ativo;10;10;15;250;3750;2115;1440;150;45;255;435;1;2009
19563;ENGENHARIA DE PRODUÇÃO MECÂNICA;BACHARELADO;591997;Ativo;10;10;18;271;4140;3675;150;315;0;180;555;1;1997
113609;ENGENHARIA ELÉTRICA;BACHARELADO;23/012008;Ativo;10;10;14;0;3765;3165;240;300;60;270;495;1;2009
113609;ENGENHARIA ELÉTRICA;BACHARELADO;23/022008;Ativo;10;10;14;0;3765;3165;240;300;60;270;495;1;2009
113609;ENGENHARIA ELÉTRICA;BACHARELADO;23/032008;Ativo;10;10;14;0;3765;3165;240;300;60;270;495;1;2008
113609;ENGENHARIA ELÉTRICA;BACHARELADO;232008;Ativo;10;10;14;251;3765;3165;240;300;60;270;495;1;2008
13442;ENGENHARIA MECÂNICA;BACHARELADO;00.041992;Ativo;2;2;3;0;4125;2805;900;420;0;120;560;1;1992
13430;ENGENHARIA MECÂNICA;BACHARELADO;131979;Inativo;8;8;18;259;3945;2745;870;330;0;225;510;1;1983
13430;ENGENHARIA MECÂNICA;BACHARELADO;252006;Ativo;10;10;15;272;4080;2310;1560;120;90;255;600;1;2007
113604;ENGENHARIA QUÍMICA;BACHARELADO;272008;Ativo;10;10;15;0;4080;2670;1170;180;60;300;540;1;2017
13441;ENGENHARIA QUÍMICA;BACHARELADO;21990;Ativo;9;9;19;0;4170;3390;465;315;0;225;480;1;1971
113604;ENGENHARIA QUÍMICA;BACHARELADO;272008;Ativo;10;10;15;0;4080;2670;1170;180;60;300;540;2;2013
113604;ENGENHARIA QUÍMICA;BACHARELADO;272008;Ativo;10;10;15;266;3990;2580;1170;180;60;300;540;1;2008
43454;ESTATÍSTICA;BACHARELADO;232013;Ativo;8;8;12;200;3000;1740;480;540;240;180;480;1;2013
43454;ESTATÍSTICA;BACHARELADO;252000;Inativo;7;7;14;184;2760;1560;480;480;240;240;420;1;2000
13421;FARMÁCIA;BACHARELADO;28011977;Ativo;6;6;10;197;2955;2535;240;240;0;4;525;1;1977
13421;FARMÁCIA;BACHARELADO;28/021977;Inativo;8;8;12;0;4425;3765;480;180;0;30;240;1;1977
13421;FARMÁCIA;BACHARELADO;281977;Inativo;8;8;12;277;3015;2535;240;240;0;330;495;1;1977
13421;FARMÁCIA;BACHARELADO;281977;Inativo;8;8;12;277;4425;3450;735;240;0;330;510;1;1977
13421;FARMÁCIA;BACHARELADO;49012007;Ativo;10;10;15;342;5130;4635;150;195;150;390;540;2;2007
13421;FARMÁCIA;BACHARELADO;492007;Ativo;10;10;15;0;5130;4635;150;195;150;390;540;2;2007
13409;FILOSOFIA;BACHARELADO;71992;Ativo;8;8;14;168;2760;1380;1080;300;0;180;375;1;1992
313409;FILOSOFIA;BACHARELADO;71992;Ativo;8;8;14;168;2760;1380;1080;300;0;180;375;1;1992
13409;FILOSOFIA;BACHARELADO;71992;Ativo;8;8;14;150;2250;1380;510;360;0;180;375;1;1992
313409;FILOSOFIA;BACHARELADO;71992;Ativo;8;8;14;150;2250;1380;510;360;0;180;375;1;1992
13409;FILOSOFIA;BACHARELADO;1992;Inativo;8;10;14;150;2280;1380;540;360;;180;375;1;1992
13409;FILOSOFIA;BACHARELADO;1992;Inativo;8;10;14;168;2610;1380;990;240;;180;375;1;1992
313409;FILOSOFIA;BACHARELADO;1992;Inativo;8;10;14;150;2280;1380;540;360;;180;375;1;1992
313409;FILOSOFIA;BACHARELADO;1992;Inativo;8;10;14;168;2610;1380;990;240;;180;375;1;1992
13400;FÍSICA;BACHARELADO;14/011987;Inativo;8;8;14;0;2760;2025;270;465;0;30;300;1;2019
313400;FÍSICA;BACHARELADO;14/011987;Inativo;8;8;14;0;2760;2025;270;465;0;30;300;1;2019
13400;FÍSICA;BACHARELADO;14011987;Ativo;9;9;12;0;2760;2025;270;465;0;225;330;1;2019
313400;FÍSICA;BACHARELADO;14011987;Ativo;9;9;12;0;2760;2025;270;465;0;225;330;1;2019
13400;FÍSICA;BACHARELADO;141987;Ativo;8;8;12;168;2760;1995;270;495;0;225;330;1;1987
13400;FÍSICA;BACHARELADO;141987;Ativo;8;8;12;168;2760;1995;270;495;0;225;345;1;1987
313400;FÍSICA;BACHARELADO;141987;Ativo;8;8;12;168;2760;1995;270;495;0;225;330;1;1987
313400;FÍSICA;BACHARELADO;141987;Ativo;8;8;12;168;2760;1995;270;495;0;225;345;1;1987
13400;FÍSICA;BACHARELADO;1985;Inativo;0;0;0;0;0;0;0;0;;0;0;1;1985
313400;FÍSICA;BACHARELADO;1985;Inativo;0;0;0;0;0;0;0;0;;0;0;1;1985
13400;FÍSICA;BACHARELADO;441985;Ativo;7;7;14;179;2685;2085;60;540;0;210;390;1;1985
13400;FÍSICA;BACHARELADO;441985;Inativo;7;7;14;181;2715;1395;810;510;0;195;390;1;1985
313400;FÍSICA;BACHARELADO;441985;Ativo;7;7;14;179;2685;2085;60;540;0;210;390;1;1985
313400;FÍSICA;BACHARELADO;441985;Inativo;7;7;14;181;2715;1395;810;510;0;195;390;1;1985
13400;FÍSICA;BACHARELADO;452017;Ativo;8;8;12;0;2745;2040;285;420;60;210;420;1;2018
313400;FÍSICA;BACHARELADO;452017;Ativo;8;8;12;0;2745;2040;285;420;60;210;420;1;2018
13422;FISIOTERAPIA;BACHARELADO;122005;Inativo;10;10;15;300;4500;3585;360;330;225;300;525;1;2005
13422;FISIOTERAPIA;BACHARELADO;211984;Inativo;8;8;16;255;4155;3585;240;330;0;270;525;1;1984
13422;FISIOTERAPIA;BACHARELADO;652008;Ativo;10;10;15;0;4500;3570;360;345;225;300;525;1;2009
122918;FONOAUDIOLOGIA;BACHARELADO;372009;Ativo;8;8;12;240;3600;3000;270;210;120;300;510;1;2009
5001240;GASTRONOMIA;BACHARELADO;232020;Ativo;8;8;12;0;3060;1920;720;240;180;240;375;1;2020
5001240;GASTRONOMIA;BACHARELADO;672012;Ativo;8;8;12;189;2835;1560;930;240;120;240;420;1;2012
13406;GEOGRAFIA;BACHARELADO;51998;Ativo;7;7;14;0;2400;1800;420;180;0;60;420;1;1998
313406;GEOGRAFIA;BACHARELADO;51998;Ativo;7;7;14;0;2400;1800;420;180;0;60;420;1;1998
13406;GEOGRAFIA;BACHARELADO;51998;Ativo;7;7;14;0;2400;1800;420;180;0;60;420;1;1998
13406;GEOGRAFIA;BACHARELADO;51998;Ativo;7;7;14;0;2955;2295;480;180;0;60;430;1;1998
313406;GEOGRAFIA;BACHARELADO;51998;Ativo;7;7;14;0;2400;1800;420;180;0;60;420;1;1998
13406;GEOGRAFIA;BACHARELADO;72016;Ativo;8;8;12;0;3090;1800;840;240;210;180;360;1;2016
313406;GEOGRAFIA;BACHARELADO;72016;Ativo;8;8;12;0;3090;1800;840;240;210;180;360;1;2016
13406;GEOGRAFIA;BACHARELADO;82016;Ativo;9;9;14;0;3015;2265;300;240;210;180;450;2;2016
13406;GEOGRAFIA;BACHARELADO;131978;Inativo;7;7;14;0;2565;1695;660;210;0;180;375;1;1978
13406;GEOGRAFIA;BACHARELADO;1974;Inativo;0;0;0;0;0;0;0;0;;0;0;1;1974
13406;GEOGRAFIA;BACHARELADO;1974;Inativo;7;9;14;189;2835;1440;1005;390;;195;405;1;1974
13406;GEOGRAFIA;BACHARELADO;1974;Inativo;7;11;14;189;2835;1440;1005;390;;2580;8250;1;1974
313406;GEOGRAFIA;BACHARELADO;1974;Inativo;7;9;14;189;2835;1440;1005;390;;195;405;1;1974
313406;GEOGRAFIA;BACHARELADO;1974;Inativo;7;11;14;189;2835;1440;1005;390;;2580;8250;1;1974
13406;GEOGRAFIA;BACHARELADO;1998;Inativo;7;11;14;0;2400;1800;420;180;;900;8250;1;1998
13406;GEOGRAFIA;BACHARELADO;1998;Inativo;7;11;14;0;2400;1800;483;60;;2580;8250;1;1998
13406;GEOGRAFIA;BACHARELADO;1998;Inativo;7;11;14;0;2955;1800;975;180;;900;8250;1;1998
313406;GEOGRAFIA;BACHARELADO;1998;Inativo;7;11;14;0;2400;1800;420;180;;900;8250;1;1998
313406;GEOGRAFIA;BACHARELADO;1998;Inativo;7;11;14;0;2400;1800;483;60;;2580;8250;1;1998
13406;GEOGRAFIA;BACHARELADO;461980;Ativo;7;7;14;0;2835;1440;1080;315;0;60;300;1;1980
13406;GEOGRAFIA;BACHARELADO;461980;Inativo;7;7;14;165;2565;1620;660;285;0;180;405;1;1980
13406;GEOGRAFIA;BACHARELADO;461980;Inativo;7;7;14;165;2565;1620;660;285;0;900;8250;1;1980
313406;GEOGRAFIA;BACHARELADO;461980;Ativo;7;7;14;0;2835;1440;1080;315;0;60;300;1;1980
1363988;GESTÃO PÚBLICA;BACHARELADO;432016;Ativo;8;8;12;0;3000;1500;840;360;300;180;375;1;2017
13415;HISTÓRIA;BACHARELADO;172006;Ativo;10;10;14;191;2820;1980;420;360;60;210;360;1;2006
13415;HISTÓRIA;BACHARELADO;22020;Ativo;9;9;14;0;3210;2250;390;360;210;240;360;1;2020
13415;HISTÓRIA;BACHARELADO;282011;Ativo;9;9;14;0;2865;2025;390;240;210;210;360;1;2011
13415;HISTÓRIA;BACHARELADO;421996;Inativo;7;7;14;152;2310;1470;480;360;0;165;405;1;1996
13449;HISTÓRIA;BACHARELADO;71986;Ativo;6;6;14;0;2670;2400;30;240;0;190;445;1;1986
13415;HISTÓRIA;BACHARELADO;172006;Inativo;10;10;14;191;2820;1980;420;360;60;240;360;1;2006
13415;HISTÓRIA;BACHARELADO;1977;Inativo;6;8;14;153;2355;1470;360;525;;180;405;1;1977
13415;HISTÓRIA;BACHARELADO;1982;Inativo;6;8;14;153;2355;1470;360;525;;180;405;1;1982
13415;HISTÓRIA;BACHARELADO;1982;Inativo;6;8;14;153;2365;1470;370;525;;180;405;1;1982
13415;HISTÓRIA;BACHARELADO;282011;Ativo;9;9;14;0;2865;2025;390;240;210;210;360;2;2011
13415;HISTÓRIA;BACHARELADO;421996;Inativo;9;9;14;152;2310;1470;480;360;0;165;405;1;1996
13405;HISTÓRIA;BACHARELADO;481979;Ativo;6;6;14;0;2340;2100;30;210;0;180;390;1;1979
80600;HISTORIA ( MSC);BACHARELADO;172004;Ativo;8;8;12;187;2865;1620;825;360;60;15;540;1;2004
80600;HISTORIA ( MSC);BACHARELADO;20041;Inativo;8;10;12;191;2865;2445;0;360;60;15;540;1;20041
100220;HOTELARIA;BACHARELADO;122018;Ativo;7;7;11;0;2400;1740;360;180;120;255;360;1;2018
100220;HOTELARIA;BACHARELADO;672006;Ativo;8;8;12;182;2730;1695;705;150;180;285;435;1;2006
1268219;JORNALISMO;BACHARELADO;932011;Ativo;8;8;12;180;2700;1710;510;360;120;225;465;1;2011
1268219;JORNALISMO;BACHARELADO;412016;Ativo;8;8;12;0;3180;2190;450;240;300;240;405;1;2016
107553;LETRAS - ESPANHOL;BACHARELADO;292006;Ativo;8;8;12;0;2880;1860;660;240;120;240;420;1;2013
107553;LETRAS - ESPANHOL;BACHARELADO;72019;Ativo;8;8;12;0;3210;1785;975;240;210;240;420;1;2019
107553;LETRAS - ESPANHOL;BACHARELADO;292006;Inativo;8;8;12;192;2880;1860;660;240;120;240;420;1;2006
1261913;LETRAS - ESPANHOL;LICENCIATURA PLENA;542013;Ativo;8;8;12;52;3000;2220;420;240;120;120;480;2;2014
107552;LETRAS - FRANCÊS;BACHARELADO;292006;Ativo;10;10;15;0;2880;1860;660;240;120;240;360;1;2013
107552;LETRAS - FRANCÊS;BACHARELADO;292006;Ativo;10;10;15;192;2880;1860;660;240;120;240;360;1;2006
107552;LETRAS - FRANCÊS;BACHARELADO;25-011974;Inativo;6;6;14;151;2265;1890;180;195;0;165;435;1;1974
107552;LETRAS - FRANCÊS;BACHARELADO;25-011974;Inativo;9;9;14;151;2265;1890;180;195;0;180;480;1;1974
107552;LETRAS - FRANCÊS;BACHARELADO;251974;Inativo;6;6;14;159;2505;2085;210;210;0;180;495;1;1974
107552;LETRAS - FRANCÊS;BACHARELADO;251974;Inativo;9;9;14;159;2505;2085;210;210;0;180;480;1;1974
107552;LETRAS - FRANCÊS;BACHARELADO;29/022006;Ativo;8;8;12;0;2880;1860;660;240;120;240;420;1;2013
107552;LETRAS - FRANCÊS;BACHARELADO;292006;Ativo;8;8;12;192;2880;1860;660;240;120;240;420;1;2006
107552;LETRAS - FRANCÊS;BACHARELADO;542018;Ativo;8;8;12;0;3210;1785;975;240;210;240;420;1;2019
107552;LETRAS - FRANCÊS;BACHARELADO;542018;Inativo;10;10;15;0;3210;1785;975;240;210;210;300;1;2019
107549;LETRAS - INGLÊS;BACHARELADO;292006;Ativo;10;10;15;0;2880;1860;660;240;120;240;360;1;2012
107549;LETRAS - INGLÊS;BACHARELADO;2912006;Inativo;8;8;12;0;2880;1860;660;240;120;240;420;1;2006
107549;LETRAS - INGLÊS;BACHARELADO;292006;Ativo;10;10;15;192;2880;1860;660;240;120;240;360;1;2006
107549;LETRAS - INGLÊS;BACHARELADO;25-011974;Inativo;6;6;14;147;2235;1860;180;195;0;165;435;1;1974
107549;LETRAS - INGLÊS;BACHARELADO;25-011974;Inativo;9;9;14;147;2265;1890;180;195;0;180;480;1;1974
107549;LETRAS - INGLÊS;BACHARELADO;292006;Ativo;8;8;12;192;2880;1860;660;240;120;240;420;1;2012
1261910;LETRAS - INGLÊS;LICENCIATURA PLENA;522013;Ativo;8;8;12;200;3000;2220;420;240;120;120;480;1;2014
107549;LETRAS - INGLÊS;BACHARELADO;53012018;Ativo;10;10;15;0;3210;1785;975;240;210;240;300;1;2019
107549;LETRAS - INGLÊS;BACHARELADO;532018;Ativo;8;8;12;0;3210;1785;975;240;210;240;390;1;2019
13450;LETRAS - INGLÊS.;BACHARELADO;271994;Ativo;1;1;2;0;2640;2400;120;120;0;270;420;1;1977
116830;LETRAS - LETRAS CLÁSSICAS (GREGO E LATIM);BACHARELADO;552008;Ativo;10;10;15;0;3060;2160;540;240;120;180;420;1;2014
116830;LETRAS - LETRAS CLÁSSICAS (GREGO E LATIM);BACHARELADO;272018;Ativo;10;10;15;0;3210;1620;540;840;210;180;420;2;2018
116830;LETRAS - LETRAS CLÁSSICAS (GREGO E LATIM);BACHARELADO;552008;Ativo;10;10;15;200;3000;2160;480;240;120;180;420;1;2008
1126690;LETRAS - LIBRAS;LICENCIATURA PLENA;432009;Ativo;8;8;12;188;2820;2280;180;240;120;240;420;1;2009
109954;LETRAS - LINGUA PORTUGUESA;LICENCIATURA PLENA;20/012007;Ativo;8;8;12;0;2880;2280;240;240;120;270;420;2;2011
109954;LETRAS - LINGUA PORTUGUESA;LICENCIATURA PLENA;202007;Inativo;8;8;12;188;2820;2280;180;240;120;270;420;1;2007
5000898;LETRAS -  LÍNGUA PORTUGUESA;BACHARELADO;302011;Ativo;8;8;12;194;2910;1830;720;240;120;240;435;1;2011
107548;LETRAS - LÍNGUA PORTUGUESA;BACHARELADO;292006;Ativo;10;10;15;192;2880;1800;720;240;120;240;360;1;2006
107549;LETRAS - LÍNGUA PORTUGUESA;BACHARELADO;292006;Ativo;10;10;15;192;2880;1800;720;240;120;240;360;1;2006
44113;LETRAS - LÍNGUA PORTUGUESA;BACHARELADO;292006;Ativo;10;10;15;192;2880;1800;720;240;120;240;360;1;2006
44114;LETRAS - LÍNGUA PORTUGUESA;BACHARELADO;292006;Ativo;10;10;15;192;2880;1800;720;240;120;240;360;1;2006
107548;LETRAS - LÍNGUA PORTUGUESA;BACHARELADO;32019;Ativo;8;8;12;0;3210;1980;840;180;210;240;420;1;2019
107548;LETRAS - LÍNGUA PORTUGUESA;BACHARELADO;32019;Ativo;11;11;16;0;3210;1980;840;180;210;210;300;1;2019
107549;LETRAS - LÍNGUA PORTUGUESA;BACHARELADO;32019;Ativo;8;8;12;0;3210;1980;840;180;210;240;420;1;2019
107549;LETRAS - LÍNGUA PORTUGUESA;BACHARELADO;32019;Ativo;11;11;16;0;3210;1980;840;180;210;210;300;1;2019
44113;LETRAS - LÍNGUA PORTUGUESA;BACHARELADO;32019;Ativo;8;8;12;0;3210;1980;840;180;210;240;420;1;2019
44113;LETRAS - LÍNGUA PORTUGUESA;BACHARELADO;32019;Ativo;11;11;16;0;3210;1980;840;180;210;210;300;1;2019
44114;LETRAS - LÍNGUA PORTUGUESA;BACHARELADO;32019;Ativo;8;8;12;0;3210;1980;840;180;210;240;420;1;2019
44114;LETRAS - LÍNGUA PORTUGUESA;BACHARELADO;32019;Ativo;11;11;16;0;3210;1980;840;180;210;210;300;1;2019
107548;LETRAS - LÍNGUA PORTUGUESA;BACHARELADO;1974;Inativo;6;10;14;86;1170;1050;120;0;;165;435;1;1974
107549;LETRAS - LÍNGUA PORTUGUESA;BACHARELADO;1974;Inativo;6;10;14;86;1170;1050;120;0;;165;435;1;1974
44113;LETRAS - LÍNGUA PORTUGUESA;BACHARELADO;1974;Inativo;6;10;14;86;1170;1050;120;0;;165;435;1;1974
44114;LETRAS - LÍNGUA PORTUGUESA;BACHARELADO;1974;Inativo;6;10;14;86;1170;1050;120;0;;165;435;1;1974
107548;LETRAS - LÍNGUA PORTUGUESA;BACHARELADO;251974;Inativo;6;6;14;144;2190;1710;270;210;0;165;435;1;1974
107548;LETRAS - LÍNGUA PORTUGUESA;BACHARELADO;251974;Inativo;6;6;14;159;2505;2085;210;210;0;180;495;1;1974
107548;LETRAS - LÍNGUA PORTUGUESA;BACHARELADO;251974;Inativo;9;9;14;144;2220;1740;270;210;0;180;480;1;1974
107548;LETRAS - LÍNGUA PORTUGUESA;BACHARELADO;251974;Inativo;9;9;14;159;2505;2085;210;210;0;180;480;1;1974
107548;LETRAS - LÍNGUA PORTUGUESA;BACHARELADO;251974;Inativo;10;10;15;86;1380;1050;120;210;0;240;360;1;1974
107549;LETRAS - LÍNGUA PORTUGUESA;BACHARELADO;251974;Inativo;6;6;14;144;2190;1710;270;210;0;165;435;1;1974
107549;LETRAS - LÍNGUA PORTUGUESA;BACHARELADO;251974;Inativo;6;6;14;159;2505;2085;210;210;0;180;495;1;1974
107549;LETRAS - LÍNGUA PORTUGUESA;BACHARELADO;251974;Inativo;9;9;14;144;2220;1740;270;210;0;180;480;1;1974
107549;LETRAS - LÍNGUA PORTUGUESA;BACHARELADO;251974;Inativo;9;9;14;159;2505;2085;210;210;0;180;480;1;1974
107549;LETRAS - LÍNGUA PORTUGUESA;BACHARELADO;251974;Inativo;10;10;15;86;1380;1050;120;210;0;240;360;1;1974
44113;LETRAS - LÍNGUA PORTUGUESA;BACHARELADO;251974;Inativo;6;6;14;144;2190;1710;270;210;0;165;435;1;1974
44113;LETRAS - LÍNGUA PORTUGUESA;BACHARELADO;251974;Inativo;6;6;14;159;2505;2085;210;210;0;180;495;1;1974
44113;LETRAS - LÍNGUA PORTUGUESA;BACHARELADO;251974;Inativo;9;9;14;144;2220;1740;270;210;0;180;480;1;1974
44113;LETRAS - LÍNGUA PORTUGUESA;BACHARELADO;251974;Inativo;9;9;14;159;2505;2085;210;210;0;180;480;1;1974
44113;LETRAS - LÍNGUA PORTUGUESA;BACHARELADO;251974;Inativo;10;10;15;86;1380;1050;120;210;0;240;360;1;1974
44114;LETRAS - LÍNGUA PORTUGUESA;BACHARELADO;251974;Inativo;6;6;14;144;2190;1710;270;210;0;165;435;1;1974
44114;LETRAS - LÍNGUA PORTUGUESA;BACHARELADO;251974;Inativo;6;6;14;159;2505;2085;210;210;0;180;495;1;1974
44114;LETRAS - LÍNGUA PORTUGUESA;BACHARELADO;251974;Inativo;9;9;14;144;2220;1740;270;210;0;180;480;1;1974
44114;LETRAS - LÍNGUA PORTUGUESA;BACHARELADO;251974;Inativo;9;9;14;159;2505;2085;210;210;0;180;480;1;1974
44114;LETRAS - LÍNGUA PORTUGUESA;BACHARELADO;251974;Inativo;10;10;15;86;1380;1050;120;210;0;240;360;1;1974
107548;LETRAS - LÍNGUA PORTUGUESA;BACHARELADO;29/012006;Ativo;8;8;12;0;2880;1800;720;240;120;240;420;2;2012
107549;LETRAS - LÍNGUA PORTUGUESA;BACHARELADO;29/012006;Ativo;8;8;12;0;2880;1800;720;240;120;240;420;2;2012
44113;LETRAS - LÍNGUA PORTUGUESA;BACHARELADO;29/012006;Ativo;8;8;12;0;2880;1800;720;240;120;240;420;2;2012
44114;LETRAS - LÍNGUA PORTUGUESA;BACHARELADO;29/012006;Ativo;8;8;12;0;2880;1800;720;240;120;240;420;2;2012
107548;LETRAS - LÍNGUA PORTUGUESA;BACHARELADO;29/022006;Ativo;10;10;15;0;2880;1800;720;240;120;240;360;2;2012
107549;LETRAS - LÍNGUA PORTUGUESA;BACHARELADO;29/022006;Ativo;10;10;15;0;2880;1800;720;240;120;240;360;2;2012
44113;LETRAS - LÍNGUA PORTUGUESA;BACHARELADO;29/022006;Ativo;10;10;15;0;2880;1800;720;240;120;240;360;2;2012
44114;LETRAS - LÍNGUA PORTUGUESA;BACHARELADO;29/022006;Ativo;10;10;15;0;2880;1800;720;240;120;240;360;2;2012
107548;LETRAS - LÍNGUA PORTUGUESA;BACHARELADO;292006;Ativo;8;8;12;192;2880;1800;720;240;120;240;420;1;2006
107549;LETRAS - LÍNGUA PORTUGUESA;BACHARELADO;292006;Ativo;8;8;12;192;2880;1800;720;240;120;240;420;1;2006
44113;LETRAS - LÍNGUA PORTUGUESA;BACHARELADO;292006;Ativo;8;8;12;192;2880;1800;720;240;120;240;420;1;2006
44114;LETRAS - LÍNGUA PORTUGUESA;BACHARELADO;292006;Ativo;8;8;12;192;2880;1800;720;240;120;240;420;1;2006
122928;LÍNGUAS ESTRANGEIRAS APLICADAS ÀS NEGOCIAÇÕES INTERNACIONAIS;BACHARELADO;172017;Ativo;8;8;12;0;3165;2085;675;285;120;240;450;1;2017
122928;LÍNGUAS ESTRANGEIRAS APLICADAS ÀS NEGOCIAÇÕES INTERNACIONAIS;BACHARELADO;362009;Ativo;8;8;12;225;3375;2625;270;300;180;285;480;1;2009
118074;MATEMÁTICA;BACHARELADO;752006;Ativo;8;8;12;192;2865;1965;375;225;300;285;480;1;2006
118074;MATEMÁTICA;BACHARELADO;752006;Ativo;9;9;14;191;2865;1965;375;225;300;240;360;1;2006
13402;MATEMÁTICA;BACHARELADO;752006;Ativo;8;8;12;192;2865;1965;375;225;300;285;480;1;2006
13402;MATEMÁTICA;BACHARELADO;752006;Ativo;9;9;14;191;2865;1965;375;225;300;240;360;1;2006
313402;MATEMÁTICA;BACHARELADO;752006;Ativo;8;8;12;192;2865;1965;375;225;300;285;480;1;2006
313402;MATEMÁTICA;BACHARELADO;752006;Ativo;9;9;14;191;2865;1965;375;225;300;240;360;1;2006
118074;MATEMÁTICA;BACHARELADO;81974;Inativo;6;6;14;0;2205;1290;390;525;0;60;300;1;1974
13402;MATEMÁTICA;BACHARELADO;81974;Inativo;6;6;14;0;2205;1290;390;525;0;60;300;1;1974
313402;MATEMÁTICA;BACHARELADO;81974;Inativo;6;6;14;0;2205;1290;390;525;0;60;300;1;1974
118074;MATEMÁTICA;BACHARELADO;91974;Inativo;6;6;14;0;2200;1275;390;625;0;60;300;1;1974
13402;MATEMÁTICA;BACHARELADO;91974;Inativo;6;6;14;0;2200;1275;390;625;0;60;300;1;1974
313402;MATEMÁTICA;BACHARELADO;91974;Inativo;6;6;14;0;2200;1275;390;625;0;60;300;1;1974
118074;MATEMÁTICA;BACHARELADO;91988;Inativo;6;6;14;156;2430;1590;450;390;0;180;405;1;1988
118074;MATEMÁTICA;BACHARELADO;91988;Inativo;6;6;14;160;2490;1620;420;450;0;180;405;1;1988
118074;MATEMÁTICA;BACHARELADO;91988;Inativo;8;8;14;156;2400;1560;450;390;0;180;405;1;1988
13402;MATEMÁTICA;BACHARELADO;91988;Inativo;6;6;14;156;2430;1590;450;390;0;180;405;1;1988
13402;MATEMÁTICA;BACHARELADO;91988;Inativo;6;6;14;160;2490;1620;420;450;0;180;405;1;1988
13402;MATEMÁTICA;BACHARELADO;91988;Inativo;8;8;14;156;2400;1560;450;390;0;180;405;1;1988
313402;MATEMÁTICA;BACHARELADO;91988;Inativo;6;6;14;156;2430;1590;450;390;0;180;405;1;1988
313402;MATEMÁTICA;BACHARELADO;91988;Inativo;6;6;14;160;2490;1620;420;450;0;180;405;1;1988
313402;MATEMÁTICA;BACHARELADO;91988;Inativo;8;8;14;156;2400;1560;450;390;0;180;405;1;1988
118074;MATEMÁTICA;BACHARELADO;1988;Inativo;6;10;14;160;2400;1920;0;480;;180;405;1;1988
13402;MATEMÁTICA;BACHARELADO;1988;Inativo;6;10;14;160;2400;1920;0;480;;180;405;1;1988
313402;MATEMÁTICA;BACHARELADO;1988;Inativo;6;10;14;160;2400;1920;0;480;;180;405;1;1988
118074;MATEMÁTICA;BACHARELADO;2006;Inativo;8;10;12;193;2895;1965;375;540;;300;480;1;2006
118074;MATEMÁTICA;BACHARELADO;2006;Inativo;9;10;14;195;2865;1665;300;240;;240;360;1;2006
13402;MATEMÁTICA;BACHARELADO;2006;Inativo;8;10;12;193;2895;1965;375;540;;300;480;1;2006
13402;MATEMÁTICA;BACHARELADO;2006;Inativo;9;10;14;195;2865;1665;300;240;;240;360;1;2006
313402;MATEMÁTICA;BACHARELADO;2006;Inativo;8;10;12;193;2895;1965;375;540;;300;480;1;2006
313402;MATEMÁTICA;BACHARELADO;2006;Inativo;9;10;14;195;2865;1665;300;240;;240;360;1;2006
118074;MATEMÁTICA;BACHARELADO;752006;Ativo;8;8;12;195;2895;1980;375;240;300;285;480;1;2006
13402;MATEMÁTICA;BACHARELADO;752006;Ativo;8;8;12;195;2895;1980;375;240;300;285;480;1;2006
313402;MATEMÁTICA;BACHARELADO;752006;Ativo;8;8;12;195;2895;1980;375;240;300;285;480;1;2006
1162837;MATEMÁTICA COMPUTACIONAL;BACHARELADO;702011;Ativo;8;8;12;202;3120;1620;840;390;270;240;450;1;2011
109948;MATEMÁTICA - EAD;LICENCIATURA PLENA;22012007;Ativo;8;8;12;0;2865;2115;270;180;300;240;480;1;2012
109948;MATEMÁTICA - EAD;LICENCIATURA PLENA;222007;Ativo;8;8;12;187;2865;2115;270;180;300;240;480;1;2007
99045;MATEMÁTICA (LICENCIATURA);BACHARELADO;332007;Ativo;10;10;15;187;2805;1455;930;180;240;240;360;1;2011
99045;MATEMÁTICA (LICENCIATURA);BACHARELADO;2006;Inativo;8;10;12;187;2805;1665;600;440;;270;420;1;2006
99045;MATEMÁTICA (LICENCIATURA);BACHARELADO;332006;Inativo;10;10;15;187;2805;1455;870;240;240;240;360;1;2007
13424;MEDICINA;BACHARELADO;282007;Ativo;12;12;18;0;9440;7808;1120;384;128;32;1400;1;2007
13453;MEDICINA;BACHARELADO;51984;Inativo;12;12;18;0;6780;6345;75;405;0;100;1000;1;1984
13424;MEDICINA;BACHARELADO;61984;Ativo;12;12;18;367;6480;3840;2265;375;0;300;585;1;1984
13424;MEDICINA;BACHARELADO;61984;Ativo;12;12;18;367;6480;3840;2265;375;0;300;1585;1;1984
13424;MEDICINA;BACHARELADO;92021;Ativo;12;12;18;0;8340;7200;660;180;300;465;690;2;2020
13424;MEDICINA;BACHARELADO;131974;Ativo;10;10;18;300;4500;3930;240;330;0;300;4500;1;1974
13424;MEDICINA;BACHARELADO;2007;Inativo;12;14;18;0;9440;7808;1120;512;;480;10560;1;2007
13424;MEDICINA;BACHARELADO;201977;Ativo;10;10;18;0;4695;3930;315;450;0;60;240;2;1976
13424;MEDICINA;BACHARELADO;282007;Ativo;12;12;18;0;8576;6944;1120;384;128;320;960;1;2007
13437;MEDICINA VETERINÁRIA;BACHARELADO;000.121989;Ativo;8;8;16;0;4200;3375;510;315;0;120;560;1;1978
113709;MEDICINA VETERINÁRIA;BACHARELADO;532012;Ativo;10;10;15;290;4350;2370;1620;240;120;30;645;1;2013
113709;MEDICINA VETERINÁRIA;BACHARELADO;652007;Inativo;10;10;15;290;4350;2310;1665;240;135;30;495;1;2008
113709;MEDICINA VETERINÁRIA;BACHARELADO;532012;Ativo;10;10;15;0;4350;2370;1620;240;120;30;645;1;2021
97039;MÚSICA;BACHARELADO;034/122009;Inativo;8;8;12;0;2970;2055;405;270;240;240;450;1;2009
97040;MÚSICA;BACHARELADO;034/122009;Inativo;8;8;12;0;2970;2055;405;270;240;240;450;1;2009
97041;MÚSICA;BACHARELADO;034/122009;Inativo;8;8;12;0;2970;2055;405;270;240;240;450;1;2009
97039;MÚSICA;BACHARELADO;034/272009;Inativo;8;8;12;0;2970;2055;405;270;240;240;450;1;2009
97040;MÚSICA;BACHARELADO;034/272009;Inativo;8;8;12;0;2970;2055;405;270;240;240;450;1;2009
97041;MÚSICA;BACHARELADO;034/272009;Inativo;8;8;12;0;2970;2055;405;270;240;240;450;1;2009
97039;MÚSICA;BACHARELADO;2005;Inativo;8;10;12;205;3075;2340;420;255;60;270;450;1;2005
97040;MÚSICA;BACHARELADO;2005;Inativo;8;10;12;205;3075;2340;420;255;60;270;450;1;2005
97041;MÚSICA;BACHARELADO;2005;Inativo;8;10;12;205;3075;2340;420;255;60;270;450;1;2005
97039;MÚSICA;BACHARELADO;34/012009;Ativo;8;8;12;0;2970;2055;465;240;210;240;450;1;2009
97040;MÚSICA;BACHARELADO;34/012009;Ativo;8;8;12;0;2970;2055;465;240;210;240;450;1;2009
97041;MÚSICA;BACHARELADO;34/012009;Ativo;8;8;12;0;2970;2055;465;240;210;240;450;1;2009
97039;MÚSICA;BACHARELADO;34/022009;Ativo;8;8;12;0;2970;2055;465;240;210;240;450;1;2009
97040;MÚSICA;BACHARELADO;34/022009;Ativo;8;8;12;0;2970;2055;465;240;210;240;450;1;2009
97041;MÚSICA;BACHARELADO;34/022009;Ativo;8;8;12;0;2970;2055;465;240;210;240;450;1;2009
97039;MÚSICA;BACHARELADO;34/032009;Ativo;8;8;12;0;2970;2055;465;240;210;240;450;1;2009
97040;MÚSICA;BACHARELADO;34/032009;Ativo;8;8;12;0;2970;2055;465;240;210;240;450;1;2009
97041;MÚSICA;BACHARELADO;34/032009;Ativo;8;8;12;0;2970;2055;465;240;210;240;450;1;2009
97039;MÚSICA;BACHARELADO;34/042009;Ativo;8;8;12;0;2970;2055;465;240;210;240;450;1;2009
97040;MÚSICA;BACHARELADO;34/042009;Ativo;8;8;12;0;2970;2055;465;240;210;240;450;1;2009
97041;MÚSICA;BACHARELADO;34/042009;Ativo;8;8;12;0;2970;2055;465;240;210;240;450;1;2009
97039;MÚSICA;BACHARELADO;34/052009;Ativo;8;8;12;0;2970;2055;465;240;210;240;450;1;2009
97040;MÚSICA;BACHARELADO;34/052009;Ativo;8;8;12;0;2970;2055;465;240;210;240;450;1;2009
97041;MÚSICA;BACHARELADO;34/052009;Ativo;8;8;12;0;2970;2055;465;240;210;240;450;1;2009
97039;MÚSICA;BACHARELADO;34/062009;Ativo;8;8;12;0;2970;2055;465;240;210;240;450;1;2009
97040;MÚSICA;BACHARELADO;34/062009;Ativo;8;8;12;0;2970;2055;465;240;210;240;450;1;2009
97041;MÚSICA;BACHARELADO;34/062009;Ativo;8;8;12;0;2970;2055;465;240;210;240;450;1;2009
97039;MÚSICA;BACHARELADO;34/072009;Ativo;8;8;12;0;2970;2055;465;240;210;240;450;1;2009
97040;MÚSICA;BACHARELADO;34/072009;Ativo;8;8;12;0;2970;2055;465;240;210;240;450;1;2009
97041;MÚSICA;BACHARELADO;34/072009;Ativo;8;8;12;0;2970;2055;465;240;210;240;450;1;2009
97039;MÚSICA;BACHARELADO;34/082009;Ativo;8;8;12;0;2970;2055;465;240;210;240;450;1;2018
97040;MÚSICA;BACHARELADO;34/082009;Ativo;8;8;12;0;2970;2055;465;240;210;240;450;1;2018
97041;MÚSICA;BACHARELADO;34/082009;Ativo;8;8;12;0;2970;2055;465;240;210;240;450;1;2018
97039;MÚSICA;BACHARELADO;34/092009;Ativo;8;8;12;0;2970;2055;465;240;210;240;450;1;2009
97040;MÚSICA;BACHARELADO;34/092009;Ativo;8;8;12;0;2970;2055;465;240;210;240;450;1;2009
97041;MÚSICA;BACHARELADO;34/092009;Ativo;8;8;12;0;2970;2055;465;240;210;240;450;1;2009
97039;MÚSICA;BACHARELADO;34/102009;Inativo;8;8;12;0;2970;2055;465;240;210;240;450;1;2009
97040;MÚSICA;BACHARELADO;34/102009;Inativo;8;8;12;0;2970;2055;465;240;210;240;450;1;2009
97041;MÚSICA;BACHARELADO;34/102009;Inativo;8;8;12;0;2970;2055;465;240;210;240;450;1;2009
97039;MÚSICA;BACHARELADO;34/112009;Ativo;8;8;12;0;2970;2055;465;240;210;240;450;1;2009
97040;MÚSICA;BACHARELADO;34/112009;Ativo;8;8;12;0;2970;2055;465;240;210;240;450;1;2009
97041;MÚSICA;BACHARELADO;34/112009;Ativo;8;8;12;0;2970;2055;465;240;210;240;450;1;2009
97039;MÚSICA;BACHARELADO;34/122009;Ativo;8;8;12;0;2970;2055;465;240;210;240;450;1;2009
97040;MÚSICA;BACHARELADO;34/122009;Ativo;8;8;12;0;2970;2055;465;240;210;240;450;1;2009
97041;MÚSICA;BACHARELADO;34/122009;Ativo;8;8;12;0;2970;2055;465;240;210;240;450;1;2009
97039;MÚSICA;BACHARELADO;34/132009;Inativo;8;8;12;0;2970;2055;465;240;210;240;450;1;2009
97040;MÚSICA;BACHARELADO;34/132009;Inativo;8;8;12;0;2970;2055;465;240;210;240;450;1;2009
97041;MÚSICA;BACHARELADO;34/132009;Inativo;8;8;12;0;2970;2055;465;240;210;240;450;1;2009
97039;MÚSICA;BACHARELADO;34/142009;Ativo;8;8;12;0;2970;2055;465;240;210;240;450;1;2009
97040;MÚSICA;BACHARELADO;34/142009;Ativo;8;8;12;0;2970;2055;465;240;210;240;450;1;2009
97041;MÚSICA;BACHARELADO;34/142009;Ativo;8;8;12;0;2970;2055;465;240;210;240;450;1;2009
97039;MÚSICA;BACHARELADO;34/152009;Ativo;8;8;12;0;2970;2055;465;240;210;240;450;1;2009
97040;MÚSICA;BACHARELADO;34/152009;Ativo;8;8;12;0;2970;2055;465;240;210;240;450;1;2009
97041;MÚSICA;BACHARELADO;34/152009;Ativo;8;8;12;0;2970;2055;465;240;210;240;450;1;2009
97039;MÚSICA;BACHARELADO;34/162009;Ativo;8;8;12;0;2970;2055;465;240;210;240;450;1;2009
97040;MÚSICA;BACHARELADO;34/162009;Ativo;8;8;12;0;2970;2055;465;240;210;240;450;1;2009
97041;MÚSICA;BACHARELADO;34/162009;Ativo;8;8;12;0;2970;2055;465;240;210;240;450;1;2009
97039;MÚSICA;BACHARELADO;34/172009;Ativo;8;8;12;0;2970;2055;465;240;210;240;450;1;2009
97040;MÚSICA;BACHARELADO;34/172009;Ativo;8;8;12;0;2970;2055;465;240;210;240;450;1;2009
97041;MÚSICA;BACHARELADO;34/172009;Ativo;8;8;12;0;2970;2055;465;240;210;240;450;1;2009
97039;MÚSICA;BACHARELADO;34/182009;Ativo;8;8;12;0;2970;2055;465;240;210;240;450;1;2009
97040;MÚSICA;BACHARELADO;34/182009;Ativo;8;8;12;0;2970;2055;465;240;210;240;450;1;2009
97041;MÚSICA;BACHARELADO;34/182009;Ativo;8;8;12;0;2970;2055;465;240;210;240;450;1;2009
97039;MÚSICA;BACHARELADO;34/192009;Ativo;8;8;12;0;2970;2055;465;240;210;240;450;1;2009
97040;MÚSICA;BACHARELADO;34/192009;Ativo;8;8;12;0;2970;2055;465;240;210;240;450;1;2009
97041;MÚSICA;BACHARELADO;34/192009;Ativo;8;8;12;0;2970;2055;465;240;210;240;450;1;2009
97039;MÚSICA;BACHARELADO;342009;Inativo;8;8;12;0;2970;2055;465;240;210;240;450;1;2009
97040;MÚSICA;BACHARELADO;342009;Inativo;8;8;12;0;2970;2055;465;240;210;240;450;1;2009
97041;MÚSICA;BACHARELADO;342009;Inativo;8;8;12;0;2970;2055;465;240;210;240;450;1;2009
97039;MÚSICA;BACHARELADO;34/202009;Ativo;8;8;12;0;2970;2055;465;240;210;240;450;1;2009
97040;MÚSICA;BACHARELADO;34/202009;Ativo;8;8;12;0;2970;2055;465;240;210;240;450;1;2009
97041;MÚSICA;BACHARELADO;34/202009;Ativo;8;8;12;0;2970;2055;465;240;210;240;450;1;2009
97039;MÚSICA;BACHARELADO;34/212009;Ativo;8;8;12;0;2970;2055;465;240;210;240;450;1;2009
97040;MÚSICA;BACHARELADO;34/212009;Ativo;8;8;12;0;2970;2055;465;240;210;240;450;1;2009
97041;MÚSICA;BACHARELADO;34/212009;Ativo;8;8;12;0;2970;2055;465;240;210;240;450;1;2009
97039;MÚSICA;BACHARELADO;34/222009;Ativo;8;8;12;0;2970;2055;465;240;210;240;450;1;2009
97040;MÚSICA;BACHARELADO;34/222009;Ativo;8;8;12;0;2970;2055;465;240;210;240;450;1;2009
97041;MÚSICA;BACHARELADO;34/222009;Ativo;8;8;12;0;2970;2055;465;240;210;240;450;1;2009
97039;MÚSICA;BACHARELADO;34/232009;Ativo;8;8;12;0;2970;2055;465;240;210;240;450;1;2009
97040;MÚSICA;BACHARELADO;34/232009;Ativo;8;8;12;0;2970;2055;465;240;210;240;450;1;2009
97041;MÚSICA;BACHARELADO;34/232009;Ativo;8;8;12;0;2970;2055;465;240;210;240;450;1;2009
97039;MÚSICA;BACHARELADO;34/242009;Ativo;8;8;12;0;2970;2055;465;240;210;240;450;1;2009
97040;MÚSICA;BACHARELADO;34/242009;Ativo;8;8;12;0;2970;2055;465;240;210;240;450;1;2009
97041;MÚSICA;BACHARELADO;34/242009;Ativo;8;8;12;0;2970;2055;465;240;210;240;450;1;2009
97039;MÚSICA;BACHARELADO;34/252009;Ativo;8;8;12;0;2970;2055;465;240;210;240;450;1;2009
97040;MÚSICA;BACHARELADO;34/252009;Ativo;8;8;12;0;2970;2055;465;240;210;240;450;1;2009
97041;MÚSICA;BACHARELADO;34/252009;Ativo;8;8;12;0;2970;2055;465;240;210;240;450;1;2009
97039;MÚSICA;BACHARELADO;34/262009;Inativo;8;8;12;0;2970;2055;465;240;210;240;450;1;2009
97040;MÚSICA;BACHARELADO;34/262009;Inativo;8;8;12;0;2970;2055;465;240;210;240;450;1;2009
97041;MÚSICA;BACHARELADO;34/262009;Inativo;8;8;12;0;2970;2055;465;240;210;240;450;1;2009
97039;MÚSICA;BACHARELADO;34/272009;Ativo;8;8;12;0;2970;2055;465;240;210;240;450;1;2009
97040;MÚSICA;BACHARELADO;34/272009;Ativo;8;8;12;0;2970;2055;465;240;210;240;450;1;2009
97041;MÚSICA;BACHARELADO;34/272009;Ativo;8;8;12;0;2970;2055;465;240;210;240;450;1;2009
97039;MÚSICA;BACHARELADO;34/282009;Ativo;8;8;12;0;2970;2055;465;240;210;240;450;1;2009
97040;MÚSICA;BACHARELADO;34/282009;Ativo;8;8;12;0;2970;2055;465;240;210;240;450;1;2009
97041;MÚSICA;BACHARELADO;34/282009;Ativo;8;8;12;0;2970;2055;465;240;210;240;450;1;2009
97039;MÚSICA;BACHARELADO;34/292001;Inativo;8;8;12;0;2970;2055;465;240;210;240;;1;2009
97040;MÚSICA;BACHARELADO;34/292001;Inativo;8;8;12;0;2970;2055;465;240;210;240;;1;2009
97041;MÚSICA;BACHARELADO;34/292001;Inativo;8;8;12;0;2970;2055;465;240;210;240;;1;2009
97039;MÚSICA;BACHARELADO;34/292009;Ativo;8;8;12;0;2970;2055;465;240;210;240;450;1;2009
97040;MÚSICA;BACHARELADO;34/292009;Ativo;8;8;12;0;2970;2055;465;240;210;240;450;1;2009
97041;MÚSICA;BACHARELADO;34/292009;Ativo;8;8;12;0;2970;2055;465;240;210;240;450;1;2009
97039;MÚSICA;BACHARELADO;34/302009;Ativo;8;8;12;0;2970;2055;465;240;210;240;450;1;2009
97040;MÚSICA;BACHARELADO;34/302009;Ativo;8;8;12;0;2970;2055;465;240;210;240;450;1;2009
97041;MÚSICA;BACHARELADO;34/302009;Ativo;8;8;12;0;2970;2055;465;240;210;240;450;1;2009
97039;MÚSICA;BACHARELADO;34/312009;Ativo;8;8;12;0;2970;2055;465;240;210;240;450;1;2009
97040;MÚSICA;BACHARELADO;34/312009;Ativo;8;8;12;0;2970;2055;465;240;210;240;450;1;2009
97041;MÚSICA;BACHARELADO;34/312009;Ativo;8;8;12;0;2970;2055;465;240;210;240;450;1;2009
97039;MÚSICA;BACHARELADO;34/322009;Ativo;8;8;12;0;2970;2055;465;240;210;240;450;1;2009
97040;MÚSICA;BACHARELADO;34/322009;Ativo;8;8;12;0;2970;2055;465;240;210;240;450;1;2009
97041;MÚSICA;BACHARELADO;34/322009;Ativo;8;8;12;0;2970;2055;465;240;210;240;450;1;2009
97039;MÚSICA;BACHARELADO;34/332009;Ativo;8;8;12;0;2970;2055;465;240;210;240;450;2;2019
97040;MÚSICA;BACHARELADO;34/332009;Ativo;8;8;12;0;2970;2055;465;240;210;240;450;2;2019
97041;MÚSICA;BACHARELADO;34/332009;Ativo;8;8;12;0;2970;2055;465;240;210;240;450;2;2019
97039;MÚSICA;BACHARELADO;34/352009;Inativo;8;8;12;0;2970;2055;465;240;210;240;450;1;2009
97040;MÚSICA;BACHARELADO;34/352009;Inativo;8;8;12;0;2970;2055;465;240;210;240;450;1;2009
97041;MÚSICA;BACHARELADO;34/352009;Inativo;8;8;12;0;2970;2055;465;240;210;240;450;1;2009
97039;MÚSICA;BACHARELADO;35012005;Inativo;8;8;12;0;3075;2340;360;315;60;270;450;1;2006
97040;MÚSICA;BACHARELADO;35012005;Inativo;8;8;12;0;3075;2340;360;315;60;270;450;1;2006
97041;MÚSICA;BACHARELADO;35012005;Inativo;8;8;12;0;3075;2340;360;315;60;270;450;1;2006
97039;MÚSICA;BACHARELADO;35022005;Inativo;8;8;12;0;3075;2340;360;315;60;270;450;1;2006
97040;MÚSICA;BACHARELADO;35022005;Inativo;8;8;12;0;3075;2340;360;315;60;270;450;1;2006
97041;MÚSICA;BACHARELADO;35022005;Inativo;8;8;12;0;3075;2340;360;315;60;270;450;1;2006
97039;MÚSICA;BACHARELADO;35032005;Inativo;8;8;12;0;3075;2340;360;315;60;270;450;1;2006
97040;MÚSICA;BACHARELADO;35032005;Inativo;8;8;12;0;3075;2340;360;315;60;270;450;1;2006
97041;MÚSICA;BACHARELADO;35032005;Inativo;8;8;12;0;3075;2340;360;315;60;270;450;1;2006
97039;MÚSICA;BACHARELADO;35042005;Inativo;8;8;12;0;3075;2340;360;315;60;270;450;1;2006
97040;MÚSICA;BACHARELADO;35042005;Inativo;8;8;12;0;3075;2340;360;315;60;270;450;1;2006
97041;MÚSICA;BACHARELADO;35042005;Inativo;8;8;12;0;3075;2340;360;315;60;270;450;1;2006
97039;MÚSICA;BACHARELADO;35052005;Inativo;8;8;12;0;3075;2340;360;315;60;270;450;1;2006
97040;MÚSICA;BACHARELADO;35052005;Inativo;8;8;12;0;3075;2340;360;315;60;270;450;1;2006
97041;MÚSICA;BACHARELADO;35052005;Inativo;8;8;12;0;3075;2340;360;315;60;270;450;1;2006
97039;MÚSICA;BACHARELADO;35062005;Inativo;8;8;12;0;3075;2340;360;315;60;270;450;1;2006
97040;MÚSICA;BACHARELADO;35062005;Inativo;8;8;12;0;3075;2340;360;315;60;270;450;1;2006
97041;MÚSICA;BACHARELADO;35062005;Inativo;8;8;12;0;3075;2340;360;315;60;270;450;1;2006
97039;MÚSICA;BACHARELADO;35072005;Inativo;8;8;12;0;3075;2340;360;315;60;270;450;1;2006
97040;MÚSICA;BACHARELADO;35072005;Inativo;8;8;12;0;3075;2340;360;315;60;270;450;1;2006
97041;MÚSICA;BACHARELADO;35072005;Inativo;8;8;12;0;3075;2340;360;315;60;270;450;1;2006
97039;MÚSICA;BACHARELADO;35082005;Inativo;8;8;12;0;3075;2340;360;315;60;270;450;1;2006
97040;MÚSICA;BACHARELADO;35082005;Inativo;8;8;12;0;3075;2340;360;315;60;270;450;1;2006
97041;MÚSICA;BACHARELADO;35082005;Inativo;8;8;12;0;3075;2340;360;315;60;270;450;1;2006
97039;MÚSICA;BACHARELADO;352005;Inativo;8;8;12;205;3075;2310;360;345;60;270;450;1;2005
97040;MÚSICA;BACHARELADO;352005;Inativo;8;8;12;205;3075;2310;360;345;60;270;450;1;2005
97041;MÚSICA;BACHARELADO;352005;Inativo;8;8;12;205;3075;2310;360;345;60;270;450;1;2005
26564;MÚSICA - BACHARELADO;BACHARELADO;055/131980;Ativo;6;6;10;0;1710;855;705;150;0;165;270;1;1981
26564;MÚSICA - BACHARELADO;BACHARELADO;1980;Inativo;6;8;10;112;1680;855;675;150;;165;345;1;1980
26564;MÚSICA - BACHARELADO;BACHARELADO;2006;Inativo;8;10;12;164;2460;1230;540;360;330;210;450;1;2006
26564;MÚSICA - BACHARELADO;BACHARELADO;35/012009;Ativo;8;8;12;0;2400;1200;480;270;450;210;405;1;2009
26564;MÚSICA - BACHARELADO;BACHARELADO;35/022009;Ativo;8;8;12;0;2400;1200;480;270;450;210;405;1;2009
26564;MÚSICA - BACHARELADO;BACHARELADO;35/032009;Ativo;8;8;12;0;2400;1200;480;270;450;210;405;1;2009
26564;MÚSICA - BACHARELADO;BACHARELADO;35/042009;Ativo;8;8;12;0;2400;1200;480;270;450;210;405;1;2009
26564;MÚSICA - BACHARELADO;BACHARELADO;35/052009;Ativo;8;8;12;0;2400;1200;480;270;450;210;405;1;2009
26564;MÚSICA - BACHARELADO;BACHARELADO;35/062009;Ativo;8;8;12;0;2400;1200;480;270;450;210;405;1;2009
26564;MÚSICA - BACHARELADO;BACHARELADO;35/072009;Ativo;8;8;12;0;2400;1200;480;270;450;210;405;1;2009
26564;MÚSICA - BACHARELADO;BACHARELADO;35/082009;Ativo;8;8;12;160;2400;1200;480;270;450;210;405;1;2009
26564;MÚSICA - BACHARELADO;BACHARELADO;35/092009;Ativo;8;8;12;0;2400;1200;480;270;450;210;405;1;2009
26564;MÚSICA - BACHARELADO;BACHARELADO;35/102009;Ativo;8;8;12;0;2400;1200;480;270;450;210;405;1;2009
26564;MÚSICA - BACHARELADO;BACHARELADO;35/112009;Ativo;8;8;12;0;2400;1200;480;270;450;210;405;1;2009
26564;MÚSICA - BACHARELADO;BACHARELADO;35/122009;Ativo;8;8;12;0;2400;1200;480;270;450;210;405;1;2009
26564;MÚSICA - BACHARELADO;BACHARELADO;35/132009;Ativo;8;8;12;0;2400;1200;480;270;450;210;405;1;2009
26564;MÚSICA - BACHARELADO;BACHARELADO;35/142009;Ativo;8;8;12;0;2400;1200;480;270;450;210;405;1;2009
26564;MÚSICA - BACHARELADO;BACHARELADO;35/152009;Ativo;8;8;12;0;2400;1200;480;270;450;210;405;1;2009
26564;MÚSICA - BACHARELADO;BACHARELADO;35/162009;Ativo;8;8;12;0;2400;1200;480;270;450;210;405;1;2009
26564;MÚSICA - BACHARELADO;BACHARELADO;35/172009;Ativo;8;8;12;0;2400;1200;480;270;450;210;405;1;2009
26564;MÚSICA - BACHARELADO;BACHARELADO;35/182009;Ativo;8;8;12;0;2400;1200;480;270;450;210;405;1;2009
26564;MÚSICA - BACHARELADO;BACHARELADO;35/192009;Ativo;8;8;12;0;2400;1200;480;270;450;210;405;1;2009
26564;MÚSICA - BACHARELADO;BACHARELADO;352009;Ativo;8;8;12;168;2490;1290;480;240;480;210;405;1;2009
26564;MÚSICA - BACHARELADO;BACHARELADO;352009;Ativo;8;8;12;168;2520;1260;540;240;480;210;405;1;2009
26564;MÚSICA - BACHARELADO;BACHARELADO;55/011980;Inativo;6;6;10;0;1710;855;705;150;0;60;300;1;1980
26564;MÚSICA - BACHARELADO;BACHARELADO;55/021980;Inativo;6;6;10;0;1710;855;705;150;0;60;300;1;1980
26564;MÚSICA - BACHARELADO;BACHARELADO;55/031980;Inativo;6;6;10;0;1710;855;705;150;0;60;300;1;1980
26564;MÚSICA - BACHARELADO;BACHARELADO;55/041980;Inativo;6;6;10;0;1710;855;705;150;0;60;300;1;1980
26564;MÚSICA - BACHARELADO;BACHARELADO;55/051980;Inativo;6;6;10;0;1710;855;705;150;0;60;300;1;1980
26564;MÚSICA - BACHARELADO;BACHARELADO;55/061980;Inativo;6;6;10;0;1710;855;705;150;0;60;300;1;1980
26564;MÚSICA - BACHARELADO;BACHARELADO;55/071980;Inativo;6;6;10;0;1710;855;705;150;0;60;300;1;1980
26564;MÚSICA - BACHARELADO;BACHARELADO;55/081980;Inativo;6;6;10;0;1680;855;675;150;0;60;300;1;1980
26564;MÚSICA - BACHARELADO;BACHARELADO;55/091980;Inativo;6;6;10;0;1710;855;705;150;0;60;300;1;1980
26564;MÚSICA - BACHARELADO;BACHARELADO;55/101980;Inativo;6;6;10;0;1710;855;705;150;0;60;300;1;1980
26564;MÚSICA - BACHARELADO;BACHARELADO;55/111980;Inativo;6;6;10;0;1710;855;705;150;0;60;300;1;1980
26564;MÚSICA - BACHARELADO;BACHARELADO;55/121980;Inativo;6;6;10;0;1710;855;705;150;0;60;300;1;1980
26564;MÚSICA - BACHARELADO;BACHARELADO;55/131980;Ativo;6;6;10;0;1710;855;705;150;0;60;300;1;1980
26564;MÚSICA - BACHARELADO;BACHARELADO;55/141980;Inativo;6;6;10;0;1710;855;705;150;0;60;300;1;1980
26564;MÚSICA - BACHARELADO;BACHARELADO;55/151980;Inativo;6;6;10;0;1710;855;705;150;0;60;300;1;1980
26564;MÚSICA - BACHARELADO;BACHARELADO;551980;Inativo;6;6;10;0;1710;855;705;150;0;60;300;1;1980
123240;MUSICA POPULAR;BACHARELADO;592009;Ativo;4;4;6;108;1620;810;390;180;240;270;480;1;2009
13425;NUTRIÇÃO;BACHARELADO;871981;Ativo;6;6;12;188;3285;2550;465;270;0;255;510;2;1981
13425;NUTRIÇÃO;BACHARELADO;372007;Ativo;8;8;12;223;3345;2670;420;150;105;180;525;1;2007
13426;ODONTOLOGIA;BACHARELADO;1974;Inativo;6;8;10;220;3290;2445;585;260;;210;510;1;1974
13426;ODONTOLOGIA;BACHARELADO;1977;Inativo;6;8;10;219;3285;2385;630;270;;210;510;1;1977
13426;ODONTOLOGIA;BACHARELADO;1983;Inativo;8;10;18;232;3630;2955;390;285;;210;510;1;1983
13426;ODONTOLOGIA;BACHARELADO;362016;Ativo;10;10;15;0;4500;3690;540;120;150;90;555;1;2016
13426;ODONTOLOGIA;BACHARELADO;372002;Ativo;10;10;16;0;4500;3045;1230;0;225;225;525;1;2002
13426;ODONTOLOGIA;BACHARELADO;711983;Inativo;8;8;18;232;3630;2955;390;285;0;210;510;1;1983
13410;PEDAGOGIA;BACHARELADO;00.011984;Ativo;6;6;14;0;2340;1200;945;195;0;120;480;1;1979
109626;PEDAGOGIA;BACHARELADO;672009;Inativo;8;8;12;214;3210;1680;1140;120;270;270;480;1;2010
13410;PEDAGOGIA;BACHARELADO;11984;Ativo;6;6;14;0;2280;1185;900;195;0;120;480;1;1979
109626;PEDAGOGIA;BACHARELADO;242006;Ativo;9;9;14;214;3210;1680;1140;120;270;240;450;1;2006
109626;PEDAGOGIA;BACHARELADO;352012;Ativo;9;9;14;0;3210;1680;1200;120;210;240;450;1;2013
13418;PEDAGOGIA;BACHARELADO;07/021984;Inativo;6;6;14;144;2355;1395;735;225;0;165;390;1;1984
107356;PEDAGOGIA;BACHARELADO;712006;Ativo;9;9;14;0;3210;1680;1140;120;270;270;420;2;2011
13418;PEDAGOGIA;BACHARELADO;71984;Inativo;6;6;14;144;2355;1500;645;225;0;165;390;1;1984
13418;PEDAGOGIA;BACHARELADO;71984;Inativo;8;8;14;144;2295;1395;675;225;0;195;390;1;1984
13418;PEDAGOGIA;BACHARELADO;101984;Inativo;6;6;14;144;2355;1485;645;225;0;165;390;1;1984
13418;PEDAGOGIA;BACHARELADO;13/011996;Inativo;6;6;14;0;2970;2580;255;135;0;215;500;1;1996
13418;PEDAGOGIA;BACHARELADO;13/011996;Inativo;11;11;14;0;3000;2610;255;135;0;225;300;1;1996
13418;PEDAGOGIA;BACHARELADO;13/021996;Inativo;6;6;14;0;2970;2580;255;135;0;215;500;1;1996
13418;PEDAGOGIA;BACHARELADO;13/021996;Inativo;11;11;14;0;2970;2580;255;135;0;215;500;1;1996
13418;PEDAGOGIA;BACHARELADO;13/031996;Inativo;6;6;14;0;2970;2580;255;135;0;215;500;1;1996
13418;PEDAGOGIA;BACHARELADO;13/031996;Inativo;6;6;14;0;2970;2580;255;150;0;215;500;1;1996
13418;PEDAGOGIA;BACHARELADO;13/031996;Inativo;11;11;14;0;2970;2580;255;135;0;215;500;1;1996
13418;PEDAGOGIA;BACHARELADO;131996;Inativo;6;6;14;0;2970;2580;240;150;0;215;500;1;1996
13418;PEDAGOGIA;BACHARELADO;131996;Inativo;11;11;14;0;2970;2580;240;150;0;215;500;1;1996
107356;PEDAGOGIA;BACHARELADO;142019;Ativo;9;9;14;0;3480;1755;1320;180;225;240;390;1;2019
13452;PEDAGOGIA;BACHARELADO;161984;Ativo;2;2;2;0;2415;1380;795;240;0;100;420;1;1979
13418;PEDAGOGIA;BACHARELADO;1973;Inativo;6;8;12;147;2215;1245;825;145;;225;450;1;1973
13418;PEDAGOGIA;BACHARELADO;1974;Inativo;6;4;14;143;2200;1260;765;175;;180;345;1;1974
13418;PEDAGOGIA;BACHARELADO;1974;Inativo;6;8;14;143;2200;1185;810;205;;180;345;1;1974
13418;PEDAGOGIA;BACHARELADO;1974;Inativo;6;8;14;143;2200;1305;720;175;;180;345;1;1974
13418;PEDAGOGIA;BACHARELADO;1974;Inativo;8;8;14;143;2200;1260;765;175;;180;345;1;1974
13418;PEDAGOGIA;BACHARELADO;1984;Inativo;6;8;14;144;2280;117;88;22;;165;390;1;1984
13418;PEDAGOGIA;BACHARELADO;1984;Inativo;6;8;14;144;2280;1170;885;225;;195;390;1;1984
13418;PEDAGOGIA;BACHARELADO;1984;Inativo;6;8;14;144;2280;1380;675;225;;165;390;1;1984
13418;PEDAGOGIA;BACHARELADO;1984;Inativo;6;8;14;144;2280;1410;645;225;;195;390;1;1984
13418;PEDAGOGIA;BACHARELADO;1984;Inativo;6;10;14;144;2280;1170;885;225;;165;390;1;1984
13418;PEDAGOGIA;BACHARELADO;2007;Inativo;8;10;16;214;3210;1620;930;300;360;540;450;1;2007
13418;PEDAGOGIA;BACHARELADO;261974;Inativo;6;6;14;143;2200;1185;810;205;0;180;450;1;1974
109626;PEDAGOGIA;BACHARELADO;352012;Ativo;8;8;12;0;3210;1680;1200;120;210;270;480;1;2013
13418;PEDAGOGIA;BACHARELADO;64/012006;Ativo;9;9;14;0;3210;1680;1170;120;240;180;420;1;2006
13418;PEDAGOGIA;BACHARELADO;64/022006;Ativo;8;8;12;214;3210;1680;1170;120;240;180;420;1;2006
13418;PEDAGOGIA;BACHARELADO;64/032006;Ativo;9;9;14;214;3210;1680;1170;120;240;180;420;1;2006
13418;PEDAGOGIA;BACHARELADO;64/042006;Ativo;8;8;12;214;3210;1680;1170;120;240;180;420;1;2006
13418;PEDAGOGIA;BACHARELADO;64/052006;Ativo;8;8;12;0;3210;1680;1170;120;240;180;420;1;2006
13418;PEDAGOGIA;BACHARELADO;64/062006;Ativo;8;8;12;0;3210;1680;1170;120;240;180;420;1;2006
107356;PEDAGOGIA;BACHARELADO;712006;Inativo;9;9;14;214;3210;1680;1140;120;270;270;420;1;2006
109950;PEDAGOGIA - EAD;LICENCIATURA PLENA;242007;Inativo;8;8;12;0;3240;1740;1185;195;120;270;525;2;2007
109950;PEDAGOGIA - EAD;LICENCIATURA PLENA;122013;Ativo;8;8;12;220;3300;1920;1155;120;105;180;480;1;2013
109950;PEDAGOGIA - EAD;LICENCIATURA PLENA;2010;Inativo;8;10;12;215;3225;1725;1200;195;105;270;525;1;2010
109950;PEDAGOGIA - EAD;LICENCIATURA PLENA;242007;Ativo;8;8;12;215;3240;1740;1200;195;120;270;525;1;2007
122924;PEDAGOGIA - EDUCAÇÃO DO CAMPO;BACHARELADO;332018;Ativo;10;10;15;0;3210;1605;900;300;405;180;300;1;2019
122924;PEDAGOGIA - EDUCAÇÃO DO CAMPO;BACHARELADO;472009;Ativo;10;10;15;214;3180;1620;930;300;360;210;360;1;2009
113707;PEDAGOGIA (MSC);BACHARELADO;612007;Inativo;8;8;16;214;3210;1620;990;300;300;240;540;1;2007
13413;PSICOLOGIA;BACHARELADO;11985;Inativo;7;7;14;210;3240;1620;720;900;0;240;480;1;1985
13413;PSICOLOGIA;BACHARELADO;11985;Inativo;10;10;18;237;4110;2460;540;1110;0;240;480;1;1985
26565;PSICOLOGIA;BACHARELADO;11985;Inativo;7;7;14;210;3240;1620;720;900;0;240;480;1;1985
26565;PSICOLOGIA;BACHARELADO;11985;Inativo;10;10;18;237;4110;2460;540;1110;0;240;480;1;1985
13413;PSICOLOGIA;BACHARELADO;562008;Ativo;10;10;15;0;4005;2340;780;540;345;285;495;1;2013
26565;PSICOLOGIA;BACHARELADO;562008;Ativo;10;10;15;0;4005;2340;780;540;345;285;495;1;2013
13413;PSICOLOGIA;BACHARELADO;1985;Inativo;7;6;14;116;1740;1260;480;0;;240;525;1;1985
13413;PSICOLOGIA;BACHARELADO;1985;Inativo;10;12;18;258;4125;2475;540;1110;;240;420;1;1985
26565;PSICOLOGIA;BACHARELADO;1985;Inativo;7;6;14;116;1740;1260;480;0;;240;525;1;1985
26565;PSICOLOGIA;BACHARELADO;1985;Inativo;10;12;18;258;4125;2475;540;1110;;240;420;1;1985
13413;PSICOLOGIA;BACHARELADO;56012008;Ativo;8;8;12;201;3015;1695;840;180;300;255;450;1;2008
26565;PSICOLOGIA;BACHARELADO;56012008;Ativo;8;8;12;201;3015;1695;840;180;300;255;450;1;2008
13413;PSICOLOGIA;BACHARELADO;562008;Ativo;10;10;15;268;4260;2340;1140;480;300;285;495;1;2008
26565;PSICOLOGIA;BACHARELADO;562008;Ativo;10;10;15;268;4260;2340;1140;480;300;285;495;1;2008
122926;PSICOPEDAGOGIA (BACH);BACHARELADO;552010;Ativo;7;7;11;189;2835;1620;690;300;225;255;525;1;2010
122926;PSICOPEDAGOGIA (BACH);BACHARELADO;2009;Inativo;7;8;8;1;2160;1;1;1;;195;375;1;2009
122926;PSICOPEDAGOGIA (BACH);BACHARELADO;552010;Inativo;7;7;11;189;2835;1620;690;300;225;255;525;1;2010
1161324;QUÍMICA;BACHARELADO;652011;Ativo;9;9;14;196;2940;2385;300;165;90;210;405;1;2011
5000897;QUÍMICA;BACHARELADO;652011;Ativo;9;9;14;196;2940;2385;300;165;90;210;405;1;2011
1161324;QUÍMICA;BACHARELADO;662011;Ativo;9;9;14;215;3225;2685;180;180;180;225;435;1;2011
5000897;QUÍMICA;BACHARELADO;662011;Ativo;9;9;14;215;3225;2685;180;180;180;225;435;1;2011
118076;QUÍMICA;BACHARELADO;112006;Ativo;8;8;12;0;3000;2370;300;150;180;255;480;1;2012
118076;QUÍMICA;BACHARELADO;112006;Inativo;9;9;14;200;3000;2430;240;150;180;210;435;1;2006
13404;QUÍMICA;BACHARELADO;112006;Ativo;8;8;12;0;3000;2370;300;150;180;255;480;1;2012
13404;QUÍMICA;BACHARELADO;112006;Inativo;9;9;14;200;3000;2430;240;150;180;210;435;1;2006
313404;QUÍMICA;BACHARELADO;112006;Ativo;8;8;12;0;3000;2370;300;150;180;255;480;1;2012
313404;QUÍMICA;BACHARELADO;112006;Inativo;9;9;14;200;3000;2430;240;150;180;210;435;1;2006
118076;QUÍMICA;BACHARELADO;112006;Ativo;8;8;12;200;3000;2280;240;300;180;255;480;1;2006
118076;QUÍMICA;BACHARELADO;112006;Ativo;9;9;14;0;3000;2370;300;150;180;210;435;1;2012
118076;QUÍMICA;BACHARELADO;112006;Inativo;8;8;12;200;3000;2370;300;150;180;255;480;1;2006
13404;QUÍMICA;BACHARELADO;112006;Ativo;8;8;12;200;3000;2280;240;300;180;255;480;1;2006
13404;QUÍMICA;BACHARELADO;112006;Ativo;9;9;14;0;3000;2370;300;150;180;210;435;1;2012
13404;QUÍMICA;BACHARELADO;112006;Inativo;8;8;12;200;3000;2370;300;150;180;255;480;1;2006
313404;QUÍMICA;BACHARELADO;112006;Ativo;8;8;12;200;3000;2280;240;300;180;255;480;1;2006
313404;QUÍMICA;BACHARELADO;112006;Ativo;9;9;14;0;3000;2370;300;150;180;210;435;1;2012
313404;QUÍMICA;BACHARELADO;112006;Inativo;8;8;12;200;3000;2370;300;150;180;255;480;1;2006
118076;QUÍMICA;BACHARELADO;1990;Inativo;8;11;14;211;3225;1860;1065;300;;225;480;1;1990
13404;QUÍMICA;BACHARELADO;1990;Inativo;8;11;14;211;3225;1860;1065;300;;225;480;1;1990
313404;QUÍMICA;BACHARELADO;1990;Inativo;8;11;14;211;3225;1860;1065;300;;225;480;1;1990
118076;QUÍMICA;BACHARELADO;40/011990;Inativo;6;6;12;168;2580;1965;390;225;0;195;480;1;1990
118076;QUÍMICA;BACHARELADO;40/011990;Inativo;8;8;14;211;3225;1860;1065;300;0;225;480;1;1990
13404;QUÍMICA;BACHARELADO;40/011990;Inativo;6;6;12;168;2580;1965;390;225;0;195;480;1;1990
13404;QUÍMICA;BACHARELADO;40/011990;Inativo;8;8;14;211;3225;1860;1065;300;0;225;480;1;1990
313404;QUÍMICA;BACHARELADO;40/011990;Inativo;6;6;12;168;2580;1965;390;225;0;195;480;1;1990
313404;QUÍMICA;BACHARELADO;40/011990;Inativo;8;8;14;211;3225;1860;1065;300;0;225;480;1;1990
118076;QUÍMICA;BACHARELADO;401990;Inativo;6;6;12;168;2580;1965;390;225;0;195;480;1;1990
118076;QUÍMICA;BACHARELADO;401990;Inativo;8;8;14;211;3225;1860;1065;300;0;195;480;1;1990
13404;QUÍMICA;BACHARELADO;401990;Inativo;6;6;12;168;2580;1965;390;225;0;195;480;1;1990
13404;QUÍMICA;BACHARELADO;401990;Inativo;8;8;14;211;3225;1860;1065;300;0;195;480;1;1990
313404;QUÍMICA;BACHARELADO;401990;Inativo;6;6;12;168;2580;1965;390;225;0;195;480;1;1990
313404;QUÍMICA;BACHARELADO;401990;Inativo;8;8;14;211;3225;1860;1065;300;0;195;480;1;1990
13431;QUÍMICA INDUSTRIAL;BACHARELADO;1975;Inativo;7;9;14;227;3405;2205;930;270;;240;480;1;1975
13431;QUÍMICA INDUSTRIAL;BACHARELADO;201975;Ativo;7;7;14;225;3375;2175;930;270;0;240;480;1;1975
13431;QUÍMICA INDUSTRIAL;BACHARELADO;34/002011;Ativo;8;8;12;0;3300;2850;300;90;60;270;495;1;2011
13431;QUÍMICA INDUSTRIAL;BACHARELADO;34/012011;Ativo;8;8;12;0;3300;2850;300;90;60;270;495;1;2011
13431;QUÍMICA INDUSTRIAL;BACHARELADO;34/022011;Ativo;8;8;12;220;3300;2850;300;90;60;270;495;1;2011
13431;QUÍMICA INDUSTRIAL;BACHARELADO;34/032011;Ativo;8;8;12;0;3300;2850;300;90;60;270;495;1;2011
1268221;RADIALISMO;BACHARELADO;922011;Ativo;8;8;12;180;2700;1755;465;360;120;225;450;1;2011
123241;REGÊNCIA DE BANDAS E FANFARRAS;BACHARELADO;572009;Ativo;4;4;6;108;1620;900;300;180;240;270;480;1;2009
1126958;RELACÕES INTERNACIONAIS;BACHARELADO;692011;Ativo;8;8;12;192;2880;1800;240;720;120;240;420;1;2011
1126958;RELACÕES INTERNACIONAIS;BACHARELADO;692011;Ativo;9;9;14;192;2880;1800;240;720;120;210;360;1;2011
1268257;RELAÇÕES PÚBLICAS;BACHARELADO;902011;Ativo;9;9;14;0;2760;1500;780;300;180;195;390;2;2014
1268257;RELAÇÕES PÚBLICAS;BACHARELADO;602016;Ativo;9;9;15;0;3210;1650;780;480;300;225;450;1;2017
1268257;RELAÇÕES PÚBLICAS;BACHARELADO;902011;Ativo;9;9;14;180;2760;1500;780;300;180;195;390;1;2011
98982;SECRETARIADO EXECUTIVO BILÍNGUE;BACHARELADO;2006;Inativo;8;10;12;178;2670;1485;1050;135;;285;435;1;2006
98982;SECRETARIADO EXECUTIVO BILÍNGUE;BACHARELADO;412006;Ativo;9;9;14;181;2715;1485;1095;90;45;210;300;1;2006
13417;SERVIÇO SOCIAL;BACHARELADO;91987;Inativo;6;6;14;190;3120;2490;375;255;0;225;405;1;1987
13417;SERVIÇO SOCIAL;BACHARELADO;91987;Inativo;8;8;14;192;3150;2490;405;255;0;225;465;1;1987
13417;SERVIÇO SOCIAL;BACHARELADO;102017;Ativo;8;8;12;0;3000;1620;780;420;180;120;480;1;2017
13417;SERVIÇO SOCIAL;BACHARELADO;102017;Ativo;10;10;15;0;3000;1620;780;420;180;120;420;1;2017
13417;SERVIÇO SOCIAL;BACHARELADO;1974;Inativo;6;8;10;168;2745;1920;525;300;;0;345;1;1974
13417;SERVIÇO SOCIAL;BACHARELADO;532003;Inativo;8;8;12;208;3120;1860;720;540;0;120;450;1;2003
13417;SERVIÇO SOCIAL;BACHARELADO;532003;Inativo;10;10;15;208;3120;1860;720;540;0;120;360;1;2003
107360;SISTEMAS DE INFORMAÇÃO;BACHARELADO;722009;Ativo;8;8;12;200;3000;1860;900;180;60;255;435;1;2009
107360;SISTEMAS DE INFORMAÇÃO;BACHARELADO;2006;Inativo;8;10;12;192;2880;1980;660;180;60;240;435;1;2006
407456;TEATRO (BACHARELADO);BACHARELADO;72015;Ativo;8;8;12;160;2400;1500;525;240;135;210;360;1;2015
407456;TEATRO (BACHARELADO);BACHARELADO;222006;Inativo;7;7;11;178;2670;1470;660;300;240;225;450;1;2006
107456;TEATRO (LICENCIATURA);BACHARELADO;82015;Ativo;8;8;12;216;3240;2025;705;300;210;270;480;1;2015
107456;TEATRO (LICENCIATURA);BACHARELADO;222006;Inativo;8;8;12;217;3255;1875;660;480;240;225;450;1;2006
107456;TEATRO (LICENCIATURA);BACHARELADO;2006;Inativo;7;9;11;178;2670;2130;240;300;;225;480;1;2006
107456;TEATRO (LICENCIATURA);BACHARELADO;2013;Inativo;8;10;12;183;2745;1575;645;435;90;285;435;1;2013
1127907;TECNOLOGIA DE ALIMENTOS;BACHARELADO;652010;Ativo;6;6;9;180;2700;1995;405;210;90;300;540;1;2010
1127907;TECNOLOGIA DE ALIMENTOS;BACHARELADO;652010;Ativo;8;8;12;180;2700;1995;405;210;90;225;435;1;2010
1125642;TECNOLOGIA EM GESTÃO PÚBLICA;BACHARELADO;512009;Ativo;6;6;9;140;2100;1410;510;60;120;240;540;1;2009
1125642;TECNOLOGIA EM GESTÃO PÚBLICA;BACHARELADO;512009;Ativo;6;6;9;140;2100;1410;510;60;120;240;540;1;2009
1127165;TECNOLOGIA EM PRODUÇÃO SUCROALCOOLEIRA;BACHARELADO;642010;Ativo;8;8;12;172;2610;1545;855;135;75;225;450;1;2010
1127165;TECNOLOGIA EM PRODUÇÃO SUCROALCOOLEIRA;BACHARELADO;642010;Ativo;6;6;9;174;2610;1545;855;135;75;285;525;1;2010
1123330;TERAPIA OCUPACIONAL;BACHARELADO;462009;Ativo;8;8;12;230;3450;2880;225;225;120;300;495;1;2009
122930;TRADUÇÃO;BACHARELADO;01/022009;Inativo;7;7;11;0;2640;1620;600;240;180;240;480;1;2009
122930;TRADUÇÃO;BACHARELADO;31012011;Inativo;7;7;11;0;2640;1620;600;240;180;240;480;2;2011
122930;TRADUÇÃO;BACHARELADO;31022011;Inativo;7;7;11;0;2640;1620;600;240;180;240;480;2;2011
122930;TRADUÇÃO;BACHARELADO;31032011;Inativo;7;7;11;0;2640;1620;600;240;180;240;480;2;2011
122930;TRADUÇÃO;BACHARELADO;312011;Inativo;7;7;11;176;2640;1620;600;240;180;240;480;2;2011
122930;TRADUÇÃO;BACHARELADO;402016;Ativo;8;8;12;0;2400;1200;645;360;195;210;315;1;2016
19562;TURISMO;BACHARELADO;31998;Inativo;8;8;14;155;2490;1830;420;240;0;180;360;1;1998
19562;TURISMO;BACHARELADO;31998;Inativo;8;8;14;155;2490;1830;420;240;0;180;420;1;1998
19562;TURISMO;BACHARELADO;62011;Ativo;8;8;12;180;2700;1380;1020;180;120;225;450;1;2011
19562;TURISMO;BACHARELADO;1997;Inativo;8;10;14;155;2490;930;1320;240;;180;300;1;1997
19562;TURISMO;BACHARELADO;1998;Inativo;8;10;14;155;2490;930;1320;240;;180;300;1;1998
13403;ZOOTECNIA;BACHARELADO;432007;Ativo;9;9;14;0;3960;2625;870;270;195;30;540;1;2007
13403;ZOOTECNIA;BACHARELADO;01B1989;Inativo;8;8;16;268;4170;3270;555;345;0;255;495;1;1989
13403;ZOOTECNIA;BACHARELADO;432007;Ativo;9;9;14;0;4005;2625;915;270;195;30;540;2;2017
13403;ZOOTECNIA;BACHARELADO;1981;Inativo;6;8;10;210;3350;1890;1190;270;;315;525;1;1981
